0,1,2,is_normal
-1.0226015474832577,-2.0610521815586096,0.6468544898332371,1
-0.643044245952911,-1.5966636230415523,-2.6317352271180945,1
3.801926213965785,-3.0989169498928146,0.410670711162305,1
2.9010829804292046,-1.3712114413135348,-1.3105420478950738,1
1.490588916465301,2.160874295901197,1.8814499384081744,1
-4.811419389133454,-1.6531912940946802,-2.207594275726205,1
0.052565662339568574,0.037631667953476715,-3.8541135098907673,1
-1.7944135388519578,2.357736580392546,0.35065053206009456,1
-2.2773991894864123,-0.16378342451745692,-1.0772603624690724,1
0.3285722318141563,-0.034193293207822724,5.003773559802594,1
0.07271253475674241,-1.5896554413347426,2.6116480382209653,1
1.2589356472703874,5.158681581038819,-3.1123549565041753,1
-0.23938585063937082,-3.18205536880023,3.4805125643880785,1
-0.34013356148150803,-2.761217901241558,6.313408526839938,1
1.170147462925357,0.10393269122559208,2.392305267633624,1
1.881625236555784,1.1929904031381773,5.843621447839168,1
4.343566911800784,1.5907176107228393,0.6166239137477993,1
0.3286254093769989,2.486065266247937,0.05953740628243546,1
-5.426762830479595,-2.6333401410314896,2.9924138220357666,1
-2.2673222550397054,-3.484957777762336,3.0683721683342937,1
-1.5641944099964311,3.0960388770274228,4.851547979469229,1
0.6746921941540122,-1.4412297513881218,-1.7117364467309855,1
-1.4117764148448844,0.23262593455837507,1.9081598907707662,1
-0.1140542012895181,-0.22544557121820888,2.07841474758159,1
1.5261437109913418,-0.47342685622357805,3.594922974262627,1
2.327905640987109,-0.7092255178481687,3.180686728282749,1
-0.5886100329319884,0.30544585365204363,2.986507529971316,1
-3.1735121222571814,1.2365527841153714,-0.606109895756558,1
-1.00817392737596,-0.4690230098031958,-2.1698932914048115,1
-0.6664856989430771,-0.3767949959733527,2.2573412079883237,1
6.682172017905814,-0.18676494445199662,-0.6891997242019803,1
0.28588095463198193,-0.06451303832854924,2.415943296317283,1
-3.7567290990230062,-1.6895867481955227,3.856512462404106,1
-1.1840023303053522,2.583545968834127,3.783554018476192,1
0.9509835858678514,4.714864384818551,3.0232806386220608,1
-1.1788821582701376,-0.7604236230531963,3.4983346713789087,1
1.831145232354111,0.8568494287597351,-1.1553005972082624,1
3.259196507850205,-1.9982567107317444,-3.749155986481259,1
-0.4927266205700488,-0.7641963187276181,4.624287132555051,1
0.3160768660566338,-0.056143790092709936,6.682627546596263,1
-0.781819696487891,-0.4659643762617408,2.2050563391146767,1
1.204697027021601,4.319359453916981,-4.405713778624339,1
-3.2934940648479034,3.0785496573484807,4.629123434992704,1
0.17577296622249813,-0.6657242678573068,4.354554353668304,1
0.014943962616007054,-4.111806222449506,4.458849371606637,1
0.8015955337151429,5.4386765032218785,2.042066858855676,1
-2.9649943362407276,-2.4221867004386874,3.589527041396907,1
1.0220097064632063,-2.7507568142709853,-3.557216465843519,1
0.04011405138165134,0.5619994933891093,2.5078494353067535,1
0.3227167820940019,0.4256210511847162,6.3072011784273965,1
-0.5023894130441525,2.434142859719429,-0.951566553589767,1
0.016295867968169682,1.3137095479814742,-5.463532344111849,1
-3.837864039614496,-1.1456288063122444,-5.512055196158095,1
-0.08645851818825176,0.14412758409458104,-2.8367028246575945,1
1.0637324101077243,-0.8208018887436253,5.914612514578747,1
4.3999139888903045,-3.589431046777175,-2.481733156471185,1
-0.6983694171527812,-1.3646412050773946,-1.7456162919044895,1
-1.543613299358665,0.19221743747076592,-6.382071209263735,1
-1.3670383296891686,5.902690043012368,-0.9527182570020991,1
1.4462829956916965,3.1014533212020123,-0.514187438409019,1
0.8409203499749572,3.5276424873932695,-4.214956343580395,1
-0.0891154820603312,-0.07560578569094997,-4.976816111754198,1
1.8143395308511598,-0.80928910200967,3.252300212935082,1
2.2597488193740607,-2.2797463274929166,-5.190153438825178,1
0.3725154189895676,-0.5994194668338279,2.575779514695489,1
-0.4184661595131083,-0.5673615501710488,-3.751002919262867,1
-0.23077225260175163,-1.6925927815428383,-1.269345306154796,1
-4.869420894457099,2.698286955569922,0.0934321922508223,1
3.052912991589851,-4.2864487885157,2.8650780009466166,1
3.611588138910669,-0.5402003974132071,-1.8088660427749732,1
0.5133409830048216,0.8048927684849638,4.026418915871596,1
5.818458044608486,1.991647891214442,-0.5515130622491952,1
5.0662648302427655,-0.061356066201113585,-3.946433571878522,1
2.5071433090999515,-5.853665838981318,1.4623873569257693,1
-2.1911027696770193,-1.0630258049134491,-0.7695718073150859,1
1.7887919480713874,3.65624325167336,-1.2108086077185833,1
2.6898613434841807,0.43148020352778077,-3.1871805979583887,1
1.608795473389802,0.5451273944132284,4.309188117904025,1
-5.747786060775798,0.39616271841235207,-1.557884319668291,1
-3.6088742814022026,-1.3132771018907856,0.6435669503720504,1
1.0901385938051904,1.2404827098813218,5.812651506659036,1
0.31958750962132193,-0.23887045679156574,4.123945386491411,1
0.3205800496258705,3.448127951000169,-4.583118104500853,1
4.772347142162606,0.16045484278676334,-5.1098675615150855,1
-4.421338359887861,-0.9899499245692366,-1.7409828980862567,1
0.985566987736759,-4.391899662810894,-0.5295241802258484,1
0.7595785056784301,1.9119681610060977,-3.2922565745521988,1
2.8994495347719718,2.3709151062310005,1.8093009914651716,1
0.8697822724338026,-1.2990668151920204,-1.9833063963902893,1
-0.3003937081488215,-0.35996603936278593,-2.2965622283038485,1
0.5831600072063302,1.0929152243961437,2.5055456134574476,1
0.23276897139209604,-0.013167807309005963,-6.772841099648881,1
4.194446238263251,1.0724800201500841,0.6561760683513101,1
-2.607253070299896,-1.415127314191853,2.8137841301463897,1
4.26466761888459,3.845207148719514,-1.181433588051638,1
-0.2095426116429022,0.5192139661220059,5.572194969999189,1
-0.3822571967342768,0.8329045700920179,2.0010774705529384,1
-0.3629657151524177,-3.502054000395222,4.85707313581833,1
-2.686148609430392,-0.5282525828983341,-1.2964685235238023,1
2.2578846481388104,-1.220938253992349,-2.6876728943871364,1
-4.258727878565539,-4.452578132874682,-3.289406722576516,1
-2.0459208728062004,2.03148557076007,-0.6710485807841349,1
-1.2536064580018045,1.0893492677249967,-3.8457974154686507,1
0.04618497864384837,2.0812764863798336,-0.7417403936243523,1
-3.3679085007350933,-4.142275068872042,2.1234879728683036,1
1.2064964085651628,5.696267246970117,-1.639432581519538,1
-5.258506369198584,0.8471511599875734,-0.6657275433426566,1
1.2015808673189663,-1.0748327169139522,-3.4014548824655115,1
-2.965112696426892,-1.5777281560955108,0.9596283551505688,1
-0.6958561221845059,-0.7887435560678073,1.8779846805161913,1
-0.15660814571733803,-3.1347092336719724,-0.8269605290994908,1
-3.38498095248067,-3.656873428874883,-1.3371387248169855,1
-2.553645279429714,0.38380592813710473,-4.342568810933222,1
0.366953074255043,0.07520891118643803,-6.123680093604961,1
-0.7034764380153357,0.8705738521866097,2.850724146634189,1
2.8294228455933874,2.094763957446154,-0.9230212029097626,1
0.5793449633928192,-0.8353783636715333,-1.8222535229150807,1
-0.09260221397194976,-0.00043391717029699273,6.6021326467619765,1
3.711812627094694,0.5973372386758201,-1.0998649873562405,1
1.960414927568744,-2.8025897703872777,0.873230819358201,1
0.05107876809135646,-3.668236218041505,0.8088732309492079,1
-3.414450871342773,3.2005474004913133,-0.6435594090558057,1
1.3981910140882372,1.2827915288717966,3.478991940608718,1
-0.8432965940674064,3.4623165762652377,-2.813814111868087,1
2.3378581376192007,-2.290152948416189,-2.8255782853494114,1
1.997948516983584,0.559072652180692,-0.656428686636963,1
1.141077872240622,1.6669996587240863,5.204429412270661,1
4.046138181679238,3.661620195624623,-2.667982507821046,1
1.0224732251924147,1.2145329150821995,-1.5839401091697722,1
6.034789286096884,2.398491920231647,0.7370230680483895,1
-2.3557284513024457,-4.185941936757715,0.0008058940749928291,1
0.20912646115382422,0.023937773726139255,-2.902946392082874,1
-0.48077501288359237,3.5480112807013464,-0.5111547678403325,1
-0.18915515205763203,-0.2026495159962936,-2.722544043736919,1
1.2239478079305635,0.335489862650851,3.7790943703296183,1
-2.365139015292742,3.7302911864290658,0.43005223753669997,1
-2.740808999025045,4.943277656234732,1.1568807700177184,1
0.8462894241458432,0.33553458659148416,4.493303295034063,1
0.2041500507621429,0.009341772793868938,-4.774753704746312,1
1.6568835617797324,1.314909628057361,-3.4002373383025906,1
-3.6093777932950304,2.885403645689245,4.647754580205409,1
-5.168723297335425,-2.638145618750874,-2.9114079299015367,1
0.18886264421565113,-0.7317445427563795,6.319702969623995,1
-0.46246310506269506,0.21333554805898777,-5.732366657269079,1
1.7942533086347958,3.320668083975818,-2.1765730105861114,1
-1.6925652113079324,4.348377489577508,-2.959821429838157,1
2.6556677091802845,-1.16139180329329,-3.279015638851202,1
1.2217316888131764,1.4718027287076394,3.2578332809033648,1
-1.292044486646841,0.4107464545251267,3.2779354718449953,1
-1.7002112438295631,4.084354818328059,4.494743285546028,1
-1.424756609861692,-0.8130750281408484,3.7640778161804396,1
2.281652484069801,0.17082989720029387,3.3016014670904084,1
0.22636491543581583,-0.5803236789808688,-5.073850705017543,1
-0.9179471410023615,-3.7111203664631414,2.0853671294684797,1
0.18421427354054531,-0.0741230057136988,2.4303008297965643,1
0.6958254938079508,4.932842117282582,-4.392843141533044,1
-3.6693938442648593,0.516606754031913,3.2178498383187835,1
-0.3608440976667342,3.0972267964622757,-6.1255874476144365,1
0.8306678334580104,-2.731206912239644,0.6374042050726925,1
0.569141254057208,-1.3589546083924182,-4.066663379035348,1
-0.7762842731856594,0.5805907572120172,-1.9693336210155759,1
-1.0014251547776818,-0.4964703244499829,6.456297243300414,1
-0.4652919789252229,2.811372774926856,3.451100325599467,1
-2.0040693096300455,2.1169319547769194,1.7670189409790433,1
-1.8192685795560273,-2.1737205287407066,0.7866540491247481,1
-2.0102268413380653,-0.2482016765368815,1.795803687079287,1
3.6251787732026384,-0.6529310262676368,-1.5261423958165308,1
0.9537480788391419,0.7701938584817163,3.423198846076573,1
0.9168558680801377,2.961231667088197,-3.1159196986865547,1
-3.277022421918542,0.5655652759951467,-0.6854375618351095,1
-1.0903829577715265,1.8203750266133982,4.388747799546973,1
-1.1358428038122197,-0.6912284740356439,4.339602304564818,1
0.9951414718902134,-4.592073059756748,-0.5800393832669828,1
-3.5985923205485126,-5.426277603942953,-1.1119033881290177,1
0.12000579335395838,-0.11195338921801716,5.482365056192181,1
2.4376044019157557,1.9265035337141905,-1.6424058040902334,1
0.8756067116160876,-0.04443023534291436,-4.973530335131036,1
0.26204651281632746,0.08729532356545198,-6.165630247281721,1
-0.15460580994552478,0.9287243581700155,-2.1935590470541024,1
-5.67850558493634,-1.374957278620225,1.8750392627318389,1
-1.2284914674818581,2.5692008461895552,-3.731657415113882,1
0.2745429562568935,-0.002888844047998269,5.725567049180039,1
-1.559794066638793,2.4897845697463308,2.5889434404538934,1
1.3200555965456617,-4.094760532370328,0.005790101205960658,1
-0.39879859145851354,-0.05257534559803542,-2.2208595374520086,1
-0.0435487147666894,2.462354581415879,-1.3080821930088253,1
4.739183113274259,-3.1539841732155525,-1.2707913283153522,1
0.9897581737031289,1.0946787472070378,-2.019777436995227,1
1.1195310362221182,0.11801491856614899,-2.491820129938479,1
2.754978085447609,2.3184900707521203,-4.38491619367252,1
-0.3916178298886745,-2.1497078558066143,2.018427552953289,1
2.6365192502892603,3.8276099405124864,-0.7738550474383324,1
0.9933281785378743,-0.31455430518562466,-3.287869527018406,1
0.6707308553069906,-3.042074118745056,-0.04314734168379253,1
2.486016607906604,-0.4518692745983221,1.1205359783107889,1
-1.7289636446848449,-1.3492156851383714,3.5461220850303956,1
-2.3328870523236542,3.105194111603614,-3.475065093818917,1
-2.6733346609812054,-3.201368781829385,3.662342766675589,1
0.0075224619076242625,0.006943787354338516,-3.3989039775429704,1
-2.432620197843415,-0.769566891750997,4.248530504499802,1
3.1415670955221127,-0.9462283466087089,2.7597508489060556,1
-3.9747192001320473,5.70822535283564,-0.2257128793865479,1
-3.679694831552953,0.14240568031570153,4.069468452918843,1
0.05324644804704818,0.6994279087977073,2.156036632542233,1
0.07671785091781134,2.159275164872999,-0.14532957334521113,1
-0.7475985716119106,1.483034970048618,3.6932072481421376,1
3.636695238589869,2.384208159587417,3.6575878564957214,1
-3.0193929434331435,-3.0425189256807896,-0.4947569812463068,1
2.015199124792637,-1.2796771179867805,-2.3177015283950233,1
-0.9590581623475123,1.6119246371783396,0.7451193063138162,1
1.767158850135502,-1.8438217217218742,2.422548510066582,1
2.4309926870882417,-4.853272525415673,1.0855949584139089,1
1.0742670047150458,-0.19045754884471217,5.582667173254997,1
-0.5342121150407716,-5.195173488805343,-1.638427154086362,1
-0.31461866574669833,-2.9317143838437527,1.2876750544172697,1
0.8413576752711343,2.525415550156611,-0.8352122849966013,1
-4.356790675914059,-4.144672024843086,-0.9798754639112622,1
-1.8449220425831236,3.5697564894392384,5.684504155003413,1
1.9480245883126803,-1.4181222106578903,0.6424868296579532,1
0.9856825568378477,-2.297219097122769,-4.514855593997128,1
-0.27964635890092876,3.849826600110759,-2.902340671244378,1
-0.639765540832064,0.5803728143081475,-3.1402607742892363,1
-3.0554579266077813,2.8992498756295406,0.2677510357707248,1
1.259841136675847,-1.205613201540747,-1.0056644662598955,1
1.2801925167619657,-0.34277737302352534,-2.996027501241132,1
0.00515005357294569,-1.9603942531661924,4.410075138544501,1
1.5639802290050047,-0.9934111740298612,-3.6168802124281347,1
4.576505852469545,-2.3296519608790103,1.1207993382506567,1
-1.9737341801496449,0.39537822188321053,5.970440186408725,1
-1.3215650041669027,-2.82210752237276,5.580007797125987,1
-1.472499048941761,0.7370184802112827,-3.6006455000712276,1
-0.49174106720466454,-2.060066779378137,0.9200332855827619,1
4.582637675261919,3.8045523643245307,0.3386470656575843,1
-1.331307891344082,1.2758838011682434,-1.8957932057474858,1
-2.708664019753389,6.0409863394492715,-1.8882783827977976,1
1.9343965080112537,-4.634081684591309,-0.3635350832644995,1
0.9848074206763477,-0.16823318624317718,-5.184224173511983,1
-0.7262006423496384,2.9861853842829538,-3.8626094716449764,1
0.12911771048510695,0.2664144461480655,-6.1599013186585285,1
1.1834921845293733,3.7804632144410197,-5.600785736441872,1
0.556563682294641,-3.2173946762482086,-4.8314162561792005,1
2.3400636279935503,-0.4551239348990539,-3.653368067596745,1
0.22626796483332393,-0.3015907184810098,3.0853356293486898,1
1.6372919107906891,-3.1564085751835047,-1.1203024821588359,1
0.9926304499310237,-0.14340578509331212,3.571365538680831,1
-2.5139692717931212,-1.23769288420328,-2.135229477728156,1
-0.5083510667550034,1.1998818352225165,4.976633088823208,1
0.6573774719701827,1.4049875673773924,-2.122008878505598,1
1.158763087672295,3.430590891641899,-0.26299902808446,1
2.422715959884436,3.226675067665162,0.4923223592507644,1
-0.5448038276754973,-2.6784084025818147,5.828173498213123,1
2.728015112947438,1.9284293293516188,2.8914629165808696,1
-1.6650010262138124,-1.6173269490810327,0.418207107689496,1
-3.3346250271522133,-0.7938433975539704,0.16149376400503018,1
3.189106730718215,-3.523413941744678,4.977244389019393,1
1.7098783610547423,-2.5886596811768987,5.51101962842846,1
2.41826819061321,-2.2870822379210782,0.15004831000642527,1
-0.9322828387541651,-0.3275528436723546,-1.9401369785938323,1
4.604816169117004,-0.3451055914260054,2.4559243795442844,1
0.048878839536252806,0.05528362823156419,2.973895192537276,1
-5.39218427604781,-3.623113715344618,1.8493543877437653,1
-0.4741079382762477,-1.64734632097622,2.4601227031330555,1
1.0714493869048873,2.309652030068813,3.4191938164303024,1
0.27796168101200674,1.6510584740736578,-5.478564256654847,1
-1.448835095567491,2.9715010145520737,-4.521888958793901,1
0.29225114111303113,-1.891432659702529,1.453613205137722,1
-4.67674968824974,4.554668235155419,1.038334787961377,1
0.25035628218618206,2.838892112413737,0.18032483625786216,1
-3.201075639764049,-0.9996816842239529,-0.2704845700290351,1
-0.014342376119302919,-0.042655812712521286,-3.4818486876925796,1
3.369448393987993,-1.4177137953984753,-0.7563383838585395,1
3.5850182777598865,-3.0511077042476145,3.6840486339878424,1
3.5598695521107215,0.6824601688584429,2.4993089569840703,1
-2.279701109503205,-3.067759452289813,-1.5663167589177367,1
-0.6581601649144722,-2.350767243033368,-1.4620447784474553,1
-0.08647660848535367,0.14705061458212523,-5.474805927397812,1
-0.6745870602887327,-0.07569256204011647,5.640955465043295,1
1.1406888309071552,-0.06904844745693195,4.337092614001436,1
1.062382284070141,5.961623062050161,-1.6999147593195953,1
-2.4101207880529616,-0.5121830743070037,5.8754741370832955,1
-1.3454442202087278,-0.44503735727450616,-6.659147331351176,1
2.448331870117234,1.754984106402016,2.2565326794231177,1
-2.5985917412470614,-5.201596812329352,-3.6895332973040253,1
-2.1119769041527388,-0.2910553419540428,-3.6975281586214224,1
1.6675730428843043,-0.0338576116516835,-6.475027549984801,1
0.26344530440222236,-0.021881147021992148,-4.757023694964544,1
-5.416432183969669,1.4856740803577706,3.4252932404177963,1
-2.5671221321025097,-0.6520421451889755,3.977100311125024,1
-4.068821776783355,1.951643175770552,-1.7260351629803408,1
-0.25345875383679883,-3.1553233999949835,2.4200228648744124,1
3.7989423389735952,3.0117156295147627,2.60470612466134,1
-2.2314681945562884,0.37199179560592693,5.8671163657458,1
-0.05425331162073957,-1.1116967090599696,-1.8808834485536845,1
0.0020013894283791005,-0.28824300661226143,6.153910919659215,1
-0.3702821774478298,1.4183506225776272,-3.5457073947385154,1
2.3459389301956683,3.359759143081631,0.04956306826270234,1
3.137369002600139,5.7960247481990415,-2.1869864707363535,1
-1.7496341203883974,0.04187637662712064,1.9608357332089055,1
-0.021310025151159623,-0.10120237268144182,2.104063910467798,1
0.1404906234511037,-0.4909381835655475,4.281374941147009,1
-0.14866095503923138,0.43922191552170503,2.811804514819122,1
0.06671438313577784,1.3497478234226785,2.910829785671469,1
2.324150131444454,-2.258628068116468,-1.1137372592269634,1
0.04975215761479128,4.766546612256809,-0.2645165099695433,1
-2.887057238348797,-1.3015450176984475,-4.298874255830118,1
-0.6932593582869928,-5.10002982963221,-3.712829122551946,1
3.7315094769846473,-1.8157882099480307,0.8118926201709603,1
3.5616237058774822,-3.0474794701322816,-1.5752682439144499,1
0.015650125806149186,0.6506797363311425,-2.1139586986356345,1
0.08942357715856966,0.22365829191220762,-2.4034231372868384,1
2.0951437286683237,-2.8344203201732845,2.45824838193465,1
1.774696288326673,-1.234446720291696,-3.812495056221479,1
1.848132234503595,0.9207900967751469,5.337291254101846,1
-6.706583676314081,0.748763150529306,0.39272042260701884,1
-1.3650188975806374,0.5689805632292999,4.351152229380582,1
-1.2846816773023488,0.02143147892156816,-4.768827084489298,1
-0.17307488864520135,0.09959832675441244,3.8396308417711844,1
3.7950571561488533,-0.40977377055897024,0.33548259377639755,1
-0.7790254890672045,2.375475305504247,-1.767198384506931,1
0.04090350896109921,-0.0068828685919169194,-3.101184291536556,1
3.3038583067764296,-0.9925152774989751,3.940998104538936,1
1.0014328895640165,-3.6130124914144712,1.774866432209755,1
1.1253705072067584,0.4457942236581123,2.7311920559369844,1
0.2000530754279968,2.4776059450956773,-0.5300826535373028,1
2.394643834557787,2.2967119816356814,-4.407376309495493,1
-3.437136801814214,-0.7059017995763057,-3.480314181806458,1
-0.14899601799429163,-0.5415226273876709,-6.578480477327577,1
3.347847296818303,1.447386507518956,-2.9899262656147116,1
1.370781264788704,-0.2948784031652176,5.4955705740019125,1
-3.04838782181996,4.009199598221599,-4.673984722121276,1
0.35406070787631055,0.32809415070141207,4.227148797419247,1
-0.48386555092483385,-0.34620741567925106,-6.094615329937503,1
1.9681946672551112,-1.4538607116050184,-2.7684668340977847,1
-0.19460326418480686,0.46481607936597413,-5.92443305055333,1
-0.2955618753425056,-0.21453970847582735,-6.630143178134545,1
0.4613290962514282,-0.1139618707513307,5.346565446240785,1
-0.34885820270292045,0.07462694430501907,3.050820184515951,1
0.029785512120455684,-3.8315838617943325,2.1995308680804095,1
-3.7479469147966444,-1.5941802365234554,-1.379733160450772,1
-0.5711985627873081,5.558503877202824,1.332387941938302,1
-1.3137948898697656,-1.9650225163385935,-1.5272724350922242,1
0.6640747974556491,-0.20326326690186047,-3.5670184969827425,1
3.821423394329706,-2.8112566258715925,-1.839848014957137,1
2.8227694240728773,-0.653754220722518,-3.089082890124226,1
1.1530486630925842,6.158095167730818,-0.2774923723567241,1
0.5091183126376972,-0.5905327104839765,-2.997622108854331,1
0.2000714870533389,0.7942073641603785,1.9061925650769584,1
3.0447376259690904,5.78319117081185,-0.5856048628260359,1
0.6303942483908332,-0.40186569374845976,2.492728431892222,1
-4.509254151469949,3.1847685247203787,-3.5020713340842704,1
-3.264817248592958,-0.12468728415361699,-3.2452580085420806,1
0.1432441743763028,1.2016210330307857,3.719764736050178,1
-0.7752932608430558,0.6484958516647319,-1.7680995908332653,1
-2.137953362019266,6.056980017537212,-0.895555896039162,1
-1.01559511595754,0.5491173953418834,6.130845403599495,1
-1.798317896602475,-2.7673278551934755,-1.330307725324448,1
0.4721723363544363,-0.6274642649426675,-4.067321373207898,1
-0.10018034031549862,0.007116316162531021,-3.4954212827629267,1
-1.6618097429998642,0.11975411116017395,1.9887136377178405,1
1.8656570424035126,-0.8234739722000471,-0.5537427850934462,1
0.11115131891338983,0.04209300881622342,-4.409847473786026,1
0.14926387706690752,6.96940897918588,0.48499557732292925,1
0.5218937563404059,0.5237871605862578,-3.7477137864310412,1
1.6745042438884674,-2.96381833013303,-1.323699224711459,1
0.26931076034660906,0.11247951367357574,-4.524765370316367,1
-2.0916155609559635,-1.1925156941855484,4.462387365171307,1
-0.02021912540285158,-0.16092054334431927,-4.860710408188667,1
-2.6020849397790853,4.537595845417592,-1.4027168056812915,1
0.23034920731392688,-0.4552065232107322,2.1976387002483055,1
-2.0553313908565567,0.14226305054479607,0.317942801497432,1
-2.103932177353818,-1.4548404185905548,-3.5170714770265747,1
0.6124552569759764,-0.9692201106186458,2.611769695878669,1
0.6319241160028314,2.8174870757238604,1.6496690478562783,1
-3.412688559774359,0.4807194986148669,3.7276595731926054,1
0.5568285990503874,-2.132284659430876,-3.7597122945722994,1
1.1079181840890704,-3.900159340239896,4.392715371720993,1
-5.487754795973353,-1.1184487323191366,4.02534586262989,1
0.02685196528828398,-0.8365414273102233,-6.349511649297781,1
-0.5841545231865843,1.687974107157827,-2.591863282787247,1
3.6819446285986435,3.9421208457191774,-0.8574286637797172,1
-0.6744739412509501,-2.5019504827115346,-6.111773610218011,1
5.619471396716271,-2.363537712263876,-3.252819652207299,1
-3.015970127092893,1.3972230278466566,3.952598057636976,1
-0.2538486030776095,0.2208184011432247,5.069889275148655,1
0.9281840593839206,0.6104376981100855,-3.150648212049198,1
2.0802937213534136,1.2142919943933792,1.026658432900748,1
1.1897013084199244,0.4344832844403135,3.579199557010822,1
0.3156849934066426,-0.707140939423298,-5.1957430400190106,1
-0.3529588727630158,-2.1015635782977022,-3.8380954325739465,1
0.08988272281421411,-3.3292536309054137,0.28772845616399717,1
-1.2001293638254797,-4.113959018125475,5.2268085943422244,1
-1.4463356500981046,-3.946882349154219,5.231797168773096,1
3.8846174599780396,4.212135182042801,-0.5713828379423851,1
2.899541901044113,2.1952280737530834,-2.0535217386409994,1
5.171475180485982,-0.9539019291678704,3.9337566204298327,1
-0.4265687346378217,-1.706098301652877,-3.924503240936225,1
-0.19582286780337763,2.252658899765015,-3.6947317636884764,1
0.249516600072108,0.6504047974463413,-1.8782324112805286,1
2.237107645678776,3.9395869982003284,3.402025819613034,1
2.9132250408789098,5.249547250468039,-2.405670615437553,1
5.5600619894848275,-0.2345685023233622,0.30459431262615283,1
0.8284611452804088,1.2024263166236637,2.6135058650779666,1
-1.7081449081480071,-1.1954177355025004,-0.6139995060807479,1
-2.894853645380955,4.263142858851899,2.4913599686852113,1
2.0397147168469667,2.034154420531351,3.8060461129206766,1
0.7838500967098806,3.498291041058417,-1.9965138837015832,1
2.4533579864643653,0.18310299881125228,2.123299835549688,1
-5.726616655976736,-0.7493471487017723,0.6770188667032191,1
2.2513432913704325,2.4525707076835777,0.12423998710671787,1
0.3337570990458732,4.962422806660377,-3.2235534006905704,1
-1.2941528811101002,1.209836740856009,2.324677252129492,1
-0.05284354036494503,-1.4564773069077876,-6.003480585017655,1
0.10363613909147838,-1.9481753645868318,3.233429347852791,1
-3.5513201501268616,-2.691695373512329,-3.3198701319939503,1
-1.4145311039427786,-0.03247750849529907,5.629548722089405,1
-5.751641032641974,0.9819390236481548,-0.09739095861531193,1
3.396593769209651,-5.918355036450834,-0.6724121779639682,1
-1.0173203923789158,3.5666159433420375,-2.5007743204282122,1
-5.5075691902095185,0.7193955398499453,-0.39781742081730875,1
3.397516642827958,-1.848896417748321,-0.9417759925166941,1
1.7392976398682547,-2.0238872796993297,-4.492277951701686,1
2.839877334072375,4.931394431692531,3.9137185101922154,1
0.28099808233305723,1.2451395905387814,6.799762121930875,1
0.8043484613279911,-0.2984036194174943,3.2524151144489313,1
1.4197048205734124,0.9630080120810984,-2.9552507547948745,1
0.9535759645575105,3.423946601263848,-1.2973836476771567,1
0.18486877181703185,0.19451102820657012,-4.850521992771181,1
-1.0792786378586343,4.234574556258385,0.6096998277566401,1
-1.460578868774194,0.7512369245188316,-4.3561401551623575,1
-3.263420638031556,-0.28787687183175426,-3.8059559533917087,1
-2.3381431963397303,6.4894398342598185,0.5792416649285593,1
-2.1439717430051983,5.574483114145544,-1.8131393549862582,1
-1.4255917494414392,0.5317730222678061,5.078414824608465,1
-0.8650107573789518,-0.7754043203555603,-6.421413438910926,1
-0.025271738163700513,0.5034149859907043,-4.8778942134739,1
-0.37496540165381065,-0.3310657894101998,-2.441308367307154,1
2.95537554400889,5.450268255473441,2.4247286169164672,1
1.9816956920940358,-0.6321934405188979,4.921530776090787,1
-0.07335782426375159,-0.07046672518602759,5.264017836567588,1
-4.395692127438697,-0.9095587238214832,2.4873408592633783,1
5.149529906006975,-2.3933923270720805,1.8933008864617393,1
-0.16508840589144622,-3.124559966927008,2.157942220551073,1
1.5475779120788231,0.10683763657570831,-2.924908359033451,1
0.7906762365362162,-0.36724499720711257,-6.332282854985692,1
-0.5029027395325966,-4.958994582553836,2.756066653584082,1
0.6413342087571045,2.5808446913114884,5.590564164497664,1
4.442386094615293,-0.06625847829237665,-4.817562104943918,1
3.9964378687126105,3.8112009613270112,3.4337964755977413,1
-1.1022636103648447,-0.7791189446739446,-2.336425319220823,1
0.8532864674999842,-3.625689143494291,-0.7085935510197379,1
2.959843104689512,-0.4461715958619152,4.643840559093602,1
-0.10837581956429973,1.2591374330076743,-2.0480554948865666,1
0.4129159772225138,-1.416535548504869,-2.867894352427445,1
-2.0471183476241346,1.2199156273311182,4.984785375030982,1
-1.3217141203572387,-3.476765813443336,-2.586906176654004,1
-2.2208201617737116,3.2126265358566015,2.5966538284063594,1
-2.6851594960677176,4.680509094816065,-0.2260783168343664,1
-1.8930060639554187,3.258408084787783,-2.3696898508696944,1
-4.742286877194102,-0.1620327993350516,-2.5762276295473145,1
3.0078533368313014,-1.5205611425603531,6.027804445218564,1
1.831264071619414,1.1835424466384505,0.7931133944240867,1
-2.575569735138092,1.750151882524704,-0.517508477324917,1
4.130197206727695,-0.362271886873987,-2.6240851763211777,1
2.188440226825952,-1.206016684643735,-1.346005731891242,1
-0.4393280297001399,0.9581620806987003,-5.348131910016979,1
2.1072059380705017,-1.0758618202530301,6.012017892693948,1
-1.0629692477046828,0.5404612635339432,-2.4734910733046203,1
-1.0308774251473096,0.5739845756138506,-1.6914262015841723,1
0.0686124714404302,-2.9854569831851103,-5.963128401876169,1
-0.22375951864440227,0.11073471933044342,-5.743793376023136,1
-2.6007208782586506,3.2285806993450326,-2.0033920973016963,1
-1.085811149589942,1.0407571136418505,-3.8038333008860192,1
-3.262831616567769,1.9777157969738504,-2.858557638348847,1
3.035352223103831,4.244978950469642,-2.0480639732321584,1
4.470561822201608,-2.3530493103332506,1.0385205159928592,1
1.236035013064873,0.3751913725594801,4.751737934013882,1
1.5042462716064606,2.4167668316598467,1.070418408366135,1
-4.321963890601199,-0.2669585624553077,3.8784594799268985,1
3.9879428349029173,-0.6144328023316724,-4.968365598361125,1
1.2678397567599018,-1.5933149445692425,1.4744000403604154,1
-0.5380540235869503,-2.9146567278840214,-4.613557585221315,1
1.821442716221475,-0.06852067719646812,1.0576464296729597,1
0.3345719960695487,-0.17451901507908174,2.191803099117847,1
4.232268611041583,-3.417069954127512,-1.2035367426163652,1
0.22771618646723496,2.1026278539981647,-2.681221946053417,1
-0.9349459201974277,-3.1220029291482914,3.0042975986465903,1
0.5363162173551053,3.363619022333665,1.78525325282714,1
-1.5937134669237853,-3.8691026507080797,4.025486658661318,1
0.3845290710949552,0.9568418119397399,1.7736773633293597,1
-0.33776361986023967,0.6221738915640387,-2.565405975183377,1
-0.22090283391259793,2.6494380494640573,-4.422341519332804,1
0.3374984617342335,-3.838572726627254,-1.7586912778166064,1
0.9790139880401083,-1.7829321454079674,0.8425281662008107,1
3.8755510724326228,1.2879388180384086,0.954401269014564,1
0.030450283559993695,0.018181074634986298,-4.812962071467762,1
0.505553043347211,-1.8413396445982657,1.5292113519993749,1
-0.24901632280677105,0.3811600869003445,-4.68380447831175,1
-1.1254449290752608,0.7809830099332626,-5.95960695644109,1
4.05295262058492,0.7090310250623885,-1.2494570256235873,1
0.32321318344614325,3.743355193598532,1.8425674020172196,1
-0.050810406201928573,1.3472648061259822,2.7788245793349993,1
-0.9475710276013064,1.3497772975428177,-1.1735143365280245,1
2.2176284164660656,3.1707264427111554,-0.625729460353404,1
-1.303240395321534,-4.320526289003598,3.5532960921609327,1
-1.2212179672028005,-2.8757925974194207,4.641563294933089,1
-0.7990191442935516,-5.049878825291495,-4.718480909281442,1
2.0775987918447085,1.3176687303787975,4.585197386809459,1
-2.285148476429417,1.7598959914812422,5.858856474189794,1
-2.125756560684626,0.6989309690168836,-0.7469367332013203,1
-1.791280068916021,3.1873079281380963,4.831916560249598,1
-1.8104320511286385,-1.548338353964724,-3.3356342779156654,1
0.49997751994504586,0.15620688730633134,5.486936161298259,1
-2.4178343151033856,-0.5944340145014584,-2.9946946336138756,1
-4.524764205506151,-0.5998614273714983,2.018902658162745,1
-0.9664467043210544,0.5612611542199941,-6.343864297381374,1
-2.917533615637858,1.7717271762503943,-1.33607568499976,1
-0.7217627818581979,-0.6911739925673719,-2.4686336877599953,1
1.3677153292094837,1.0970392206171005,4.846882709421038,1
1.9295947760787127,1.2097452863264964,-3.4460715303293155,1
-1.0229389523285322,-0.22437832614911585,1.7381053490194163,1
0.5553050337751061,0.5096725027382021,-5.9448497851218765,1
0.4204439536222666,0.3496307656186394,2.1035544536731496,1
-0.468520102635707,2.370926390083628,-3.1138473604493355,1
-1.3775678444208117,-0.4346353222989364,5.517625116809789,1
-0.12994981997162908,-0.6700711890964253,-3.7763017043841107,1
0.019875987509205398,0.23149292088799145,2.569332193051843,1
-1.218858802847811,2.328293513055183,4.50744341244816,1
-2.848484404330886,-4.046643840436485,-2.1776971293063845,1
-2.160116953359468,-3.718324848171992,0.10675668819901225,1
3.8144083167520653,-1.5040826795680042,-3.7229556040203593,1
-1.5878892457701705,0.7856704237918715,-2.548741349808841,1
-0.30244880424064363,-0.9050496558341723,-5.633740349330809,1
-0.8757563890990177,1.394522737290751,-1.6987000239797354,1
5.512238249994596,-0.48789535860222116,-3.8008371640720284,1
-3.9486112358608345,0.8704971551880686,-0.8659133365500511,1
-2.7956270897053663,-2.581603129697969,0.05247438071408608,1
3.0274241688005445,-2.824462636719489,-0.24147593101240164,1
-2.387429136635156,2.390657694636992,4.0347381734614585,1
2.695274824254251,-0.6022189961146814,-4.300163868902495,1
-2.155821241169195,-1.7218457863030279,-5.016881118482508,1
-1.6575179533925384,-3.6063392856128953,2.138767474496576,1
4.375389829717115,1.1113962080145021,0.8715370671172173,1
0.1412569191271683,-0.4337701515209964,5.717796568802184,1
-3.5009629657975645,0.06007382848788018,-3.299881060454262,1
0.6669603964540554,-0.00855179376934748,6.137216250578337,1
-1.4541169467764272,2.498809371996842,-2.9316213987985353,1
-0.5352992686867922,-0.09635407679533198,1.9479645212699208,1
-0.512976496601706,-5.511002941728013,0.9532347292103458,1
-0.7322109126686557,-1.6911431323506085,4.1864216910308745,1
4.724185636062907,2.4934732465335614,-1.2573309532228174,1
0.084518231268032,-6.888541276467182,-0.464381910450774,1
0.18072013425522376,-1.2339922412638629,6.3878283296881015,1
0.517310373666283,0.029799732893079862,3.0874465812780985,1
1.8188591920153294,-2.4391035515056556,-0.4709314431451782,1
-1.3021956773237124,-0.43144246779271117,-6.627003715490645,1
-2.709694788116804,-0.6499614918579472,0.33268995329642576,1
0.42670644007218683,-0.21791955702527754,2.425623186443686,1
6.0653796958897646,0.8899863833370735,2.164509079608083,1
-1.4098627449487433,-1.190390420363158,-4.515670027639759,1
-0.243242210951588,0.7315882093363493,3.361564193931081,1
-1.1294241733778536,0.6277693956956932,-4.495906678106806,1
1.1999071155661651,-3.0348733419179186,5.429613124787617,1
1.2224706748941125,-0.45529417345331497,5.817814072680857,1
2.0057098268363482,-2.5126299192984924,0.7387656969152012,1
-1.6713640850266014,-1.8867692211359837,5.622674774796333,1
1.1162951746666974,0.23349412671305741,2.4516636607330615,1
1.1883528525198321,1.0615872623396896,2.245743328302734,1
-0.1997965632351821,1.747974218013073,-1.242009257314227,1
3.3420468889438735,0.18880499268035236,-3.9360659768644592,1
0.34779681307018057,3.9031514176669435,-2.3592279467059702,1
0.7177516877668846,0.7625402244638753,2.0059485635395324,1
-0.12007678508436372,2.077470282699656,-4.155828711459558,1
-1.3610982955569861,-1.7674423843123828,5.187816964882734,1
-0.2583947339953254,-0.8651152191034184,-5.072687074323978,1
3.9937706672684077,-1.7843652384072684,0.11277067252804597,1
2.38425180698695,-1.2146645278680726,0.32467364677247557,1
0.30341894694509974,4.650394183971668,0.348094472212748,1
-4.83357282258926,-0.7795133149528233,4.684906608740657,1
2.160895401806118,3.7901446401333825,0.8436202022411032,1
0.5310840594655025,-3.8694402994257806,-1.7453011886382914,1
1.3664031410762891,0.15496599571278757,5.677233181477348,1
0.23893145255628898,0.12773136311257263,6.936238205594078,1
2.023325373671268,1.9395217395211013,0.9161812608021868,1
0.3633270492129323,-0.7836339549566997,1.981952406858765,1
-2.0779746308968687,-1.4174193245730642,-1.1133320062783734,1
-0.0622282196410973,0.6649518387008886,5.567832766675798,1
1.2753795006310185,-1.2802353408526168,2.439253661120093,1
-0.20659957782468627,1.1737155572154772,-6.793334497972743,1
1.982376746847778,2.4873741020492433,1.0386189868310598,1
0.7830691953270487,-0.969002868995835,5.808549241169691,1
-0.1498733292612747,-1.0460691587013253,2.4424097912274276,1
0.0005377361419864349,0.025743765828099292,-3.0000172983395847,1
0.4055625100661393,0.3686120417173622,2.3516750553940757,1
1.1533229565536869,-1.2337304162011444,1.5719047423247925,1
-0.9168438455773377,-0.3872658004609906,2.807017771359115,1
-0.7959646595650318,1.2754220850119276,-4.310312739109303,1
3.0574982995859976,2.3812985291849325,-4.995900270902568,1
-1.482695319801673,-3.2477311140984804,-1.3015717314527109,1
4.4926027330529,4.941930847430337,-2.087174084423421,1
-3.3500903952316534,-1.8863430191285322,2.067924417793229,1
3.867360799088092,-4.087828695349061,-2.3416717737607367,1
-0.049442369737192626,-1.985008124776491,1.7281542641097365,1
-1.570621772506815,0.8491055186490697,3.818405655750944,1
-1.9736408303158754,-0.38421976075818765,0.8066436544147678,1
-1.2327391245879509,-0.030230051039836083,-3.1570081311898837,1
4.649685685156307,1.6267366140533155,-0.8884850179518805,1
-2.0354646310416022,1.225323064128983,-0.020893786936524585,1
0.2775243543458464,6.637765709963591,-2.0772188163738594,1
1.13085513050426,2.169533592858712,2.6537806832376645,1
-1.9263620908028078,-0.9582601618059975,6.539266481298518,1
1.2053389744919993,0.7473789668733851,-2.9041536042353404,1
4.413313659467969,0.06959955775399336,-3.409198378927109,1
-2.866057724065323,3.7207150904403092,1.9854974066818774,1
-1.0169311906638003,-5.0400837483357535,0.19267913839169776,1
3.732462719633199,2.3266121344981396,-3.604163276751933,1
-1.622958052568573,2.9573085765846656,-0.41269324788415007,1
5.030973418959327,-0.9343397378334429,-1.5497801720579305,1
3.210151861951913,-1.3513532557579278,-4.108458705120463,1
-1.0975340273286158,4.794033859736704,2.6812623082751506,1
4.091606097794953,0.3925391587798975,-2.4339721688454152,1
2.108924939926386,-5.4229628662223455,3.669978094045269,1
-1.005997077308886,1.6180042778505954,3.8747968934065264,1
-0.04851600777290046,0.019207805533703895,4.4798733922105445,1
-1.3657732400443308,-0.8742199607451753,4.653646013143898,1
-1.9735586060029553,2.3377418010224438,4.7390395776203285,1
3.235786668959091,-1.3322962794982645,-2.346884315038014,1
-0.17963836442214584,1.3679810219584023,-1.7427563095944212,1
4.887598701906273,1.8770834130997727,1.584518931902668,1
0.4225850441078434,0.8572649004151878,2.413686389568776,1
4.261844034437744,-1.3975046585200899,2.6750964915302813,1
-1.989337128806921,-1.8259526954452325,0.752147961998854,1
3.2807076631241987,1.138473217213355,3.1227762628772338,1
1.4594604344375395,0.9288913860044327,1.788221860606287,1
0.20812271005891889,1.9865583087819965,-3.7468301264732395,1
-2.321803850399453,2.772381030514963,-5.3698560360827,1
-1.455479880577983,-2.51237004956664,-4.741966007054407,1
0.05038983412842948,0.08105744263808623,5.313422596499532,1
-1.3181299924478225,-2.1840336107779326,-6.382816309573493,1
1.8241037989878452,2.2471186609230984,-2.085568839961787,1
1.5542048286936505,0.8951774461532753,1.7305903505984175,1
1.0061132543146751,-3.973670084888285,0.36349532267889784,1
0.5118269786386895,2.1073683169680937,-5.105316236754504,1
1.9112869535581172,-3.4591466935857893,-4.332441267979769,1
1.3055600933080052,1.3456894130579633,-5.965909437701559,1
0.624556862402025,3.3323000771369493,-5.400526462358966,1
0.937090046722896,2.539202665453278,3.324606401876208,1
1.449466841756948,0.4907454295727234,4.25013138469169,1
-0.5009235555276297,-0.06567530787388864,-2.4972725018716218,1
3.0283510274294745,-0.46782961522083755,-4.444950188719055,1
4.790470096934103,2.399764198841085,-2.082158126465615,1
0.1416742501686646,0.023916743947025428,2.332294579511278,1
1.3065111253547392,0.40959031267439605,-1.5555831031306921,1
-1.4867866194802983,0.4410661896643543,-6.779803002416824,1
0.023340393339997097,-0.02553566111887656,-2.177192400201386,1
-0.4670071675187193,-2.20988135918886,-1.2859805128223347,1
1.367752214273668,-3.7400866882073527,-5.563499216013005,1
2.9711506788629403,-0.16355965489185223,-0.4918808862239625,1
-0.68236921767759,4.19845871592214,-4.178105895316547,1
-0.02569215119157085,0.43619969294319233,6.656628187441546,1
-1.6799700479407922,-5.7222547425351395,1.0512283869241923,1
-2.7482296933125534,-0.3736735727557588,1.4758824802732722,1
-5.743780603660721,0.43428767664294315,0.5894461960593895,1
0.821593431653919,-4.843444243608201,1.9599528375650637,1
0.1504438164097022,-4.212835112650811,-4.205999355543405,1
0.46737075789402044,0.9160372515527392,6.293836164191435,1
-3.1470958410532237,0.6323991428598222,1.9220132853134404,1
-1.278230244668258,-0.522737604620559,-4.202142809902268,1
1.0003908578022511,0.42830913273976434,-2.5523421045908705,1
-0.21067081055411382,-0.27445525881721444,-4.0020983131045105,1
-1.8647690625812658,1.4896003913652924,4.689572418495538,1
2.748118880571408,-0.24219519380416676,0.9372080054216922,1
2.868020174517984,-1.4880332419679816,-0.8189270767105968,1
0.8643644450964613,2.0845328041000886,0.5324768927183453,1
-0.8491423781447714,3.427253031778285,0.7946116744579645,1
-0.016165737224354364,0.004099756693180421,6.28823191500023,1
-0.20584198473192167,1.4335407172395616,-4.5309257692433995,1
-5.842139327214499,1.392561170231673,1.2675207163666014,1
1.3274257949878918,0.5194179290392777,-2.867294014512734,1
0.021045082269422068,0.15077093345894307,6.5138423701714645,1
0.5832288044685613,-1.163972679215183,-5.888117865428734,1
2.369776266934199,-0.027321325510232995,3.8609317891797654,1
2.176554086102623,-2.2941728756027957,-4.542538658544123,1
2.3073761536718242,-1.426636571253311,1.9702051347695972,1
1.0257310752033317,-0.5486114033130846,-6.15466492776895,1
6.521976020437874,-0.6324622309423665,1.651231267135504,1
-1.1743205321818833,3.548738088180038,5.5682951992517395,1
2.5829773125770665,1.5754972225709782,2.4796317593281465,1
2.097491928596548,0.359165663756509,-6.060697363187807,1
-4.317979160419207,1.8605269607492632,-0.6306392233238187,1
3.6114885047624026,2.1684945618522184,-3.9041296398218974,1
-1.0456305801070465,-2.178103575877096,-0.18247976337491822,1
-0.9364303362522598,0.04941843305643901,-4.079725020549944,1
-0.9850982308502929,-2.3828472895624713,-2.2097313457224166,1
-1.4499862754658979,-3.3950585285988963,0.08252894664768315,1
1.5027987670449974,-2.2824912144589256,0.29372337449162844,1
-0.298356130830788,-2.203963996840139,3.7959395056746543,1
1.2327207443437762,-0.6062988953347751,2.580540576804024,1
1.4236670649199603,1.6274709428158767,-0.007941706148663037,1
-0.6955884296639291,-3.3378849267766686,3.0149687849600704,1
5.590259109690078,-1.720742369373002,0.0737259651933775,1
1.8429864061309797,-1.2816451425932927,3.5607357862177227,1
-3.7249637535188946,3.052039295792387,-0.22394674717357507,1
0.8021158804002844,0.03444483346349492,4.447909878847602,1
-0.17938863922831,-0.5106251120144104,2.3932874869640797,1
0.36002179984133026,0.47610067858554983,-3.967876827768064,1
-2.9969303477608076,-5.600419575848782,0.816140251251099,1
-1.9948393749785935,-0.2578393653937117,0.3118940399991884,1
-2.7980995613354773,1.121685526891531,-3.9005485706998484,1
-2.0924564357662603,0.8679042056048044,5.3963027515880535,1
-0.21375108378785013,0.21908398708534293,-3.9090702372386876,1
-4.409631300747539,1.869720014735656,0.14382748404734128,1
-3.0482731489155332,1.096485281028686,-3.8916481632421647,1
-1.682595414260461,-0.11278493210130995,-2.267247904065522,1
-4.590400936539631,-1.623552842651433,4.033093534330906,1
2.6028803477185396,0.45565229565416854,-1.7464382928258513,1
0.6548725214675605,0.6967802535962601,-6.139502703145786,1
0.21087932843511964,-2.599071759371057,5.562757672092318,1
-0.014264106088649291,-1.4648796505584625,4.733735985083318,1
-2.5938795857293604,0.8147086131360758,5.746141733835914,1
2.500828751147087,-2.6394418567014286,1.271124428989245,1
-0.11024936540745993,0.8535030213748553,3.7713601693971626,1
-1.5111464249975843,-1.2239206693725944,2.513556459692351,1
4.405338676850325,-2.5703842137228374,-0.9089683687668665,1
1.7099408220792598,-4.327805690255717,-0.45103763007274383,1
0.5642437501333861,4.1628484322662445,4.41258101962454,1
-0.055243325945499376,0.032781375241930706,4.259701678569376,1
0.8829323919756348,0.3606612386595405,-5.233205739633306,1
0.34230392271142096,5.9646860176753815,1.8355604356585737,1
-3.9284769452857327,2.4203333843179173,-3.6471712751637124,1
-2.833158858092522,-2.357939045403143,0.7315311379936196,1
-0.42315264332930635,-2.7873796118877197,3.1742231265179424,1
-1.6992452868169792,0.09200558273074091,-2.798894721556759,1
0.33430451782396453,4.071346602456249,-5.56229936015748,1
2.1000441311326274,4.375738669107501,-4.2811974882417605,1
-0.4384903950144474,-0.6258658290120444,2.3381394759357095,1
2.143143057626257,-0.8678735370232322,1.019867912231155,1
1.3979744675931527,3.2734023758882227,-3.1678500348473966,1
6.329059606475076,0.8437831669702672,-1.4871379818663446,1
0.2844567240771264,-3.2542011840317344,-0.23191536339837723,1
-5.466348749719801,0.8457538394155864,-1.1862021803467055,1
-1.4368940982411558,0.6608953048618968,-2.3049868177029724,1
-2.4778593635935033,-1.5731136119150784,1.255449954024549,1
0.4229120586136549,0.16612802754935968,4.434461974063099,1
-0.25547094911136614,0.6902695788643117,-6.8261711504030735,1
3.4626300468863587,4.047039832204447,-4.501331814885169,1
2.6295176167570706,2.273392812177168,5.106047137473,1
2.9314165933874254,-4.021221516047675,2.645289587064579,1
2.9463410967595216,-1.6114358773942965,-1.1354198830888127,1
-0.04265275482665524,2.095929310008402,2.597220154593845,1
-0.792912229586196,3.354893444446858,-0.20824278838691312,1
-2.9532841532786085,4.780063576088957,2.276288820683491,1
-4.584787848891664,3.8134034534899097,-0.10061179233396579,1
-2.894105153336471,0.9312894053535523,-2.442317716049979,1
2.3677854055905754,2.0823234053098303,-5.378277050899093,1
6.135603632882196,-0.7041330313925032,-1.9890222224468599,1
-0.03614834415900574,-2.9809425881777734,0.6269006146173401,1
-0.24908767870519943,2.8561702945528094,5.169609547999235,1
-2.5464734070983335,-3.34569233724796,-0.10225204501169162,1
2.1543311336227853,1.4501236720960324,2.225413757545675,1
-3.4474789652025297,-1.6813686085676613,1.2306460318293855,1
-3.4498881618177264,0.6610400105041284,-0.9054805157411856,1
5.748651476828885,0.8974017190372736,0.25148236194954565,1
-0.20621559088412883,-0.6170436890118098,-3.172701575163697,1
-1.7217041032559928,1.917788535687866,0.31212939324700945,1
-0.7345978595520454,2.5078001624357666,1.6357757791002907,1
-2.3033967333268746,1.8062498160588552,2.84263984186203,1
4.816283083969452,2.186393563044342,-2.8506361987117743,1
1.8067862189068153,4.943225986723441,4.521900554521101,1
-0.25299910084105504,-4.691922945239484,-1.6546127828599946,1
2.6822418383857825,2.15110489177168,-1.1134409420758564,1
-0.9695746534622549,2.0766363661941147,-0.16086256397591847,1
2.8113524179922837,-4.334765054996279,-1.474668381842921,1
0.5114046889122615,-0.2827878730689012,2.5470864467644847,1
-4.614722167749629,-2.403073594851737,-4.121311434842061,1
1.7018111873541653,-0.08475141541778697,3.8574819975363366,1
-3.308146713820762,-0.2658391837116584,4.362800308997351,1
-4.131878721561541,1.918076771488824,1.6859862309458822,1
-0.6082818803384976,-2.9632930068464525,1.616784583660099,1
0.0802581881637555,-0.3069416049085093,4.34082219006195,1
-1.9091109807747308,-1.9052798361315957,0.4480242312399936,1
-4.139525127947569,3.4136470950431548,0.7153339667564902,1
0.12530810859235653,-1.2347834599124623,1.751717337547794,1
-2.3062899135105885,0.3153813827350136,-3.3586800603907396,1
-2.4546612533591303,1.3906397610384682,-1.8116027315130536,1
-1.7121738194380958,-0.34440288189741414,1.6692212817638725,1
1.8789709273290045,0.4685814692140313,-1.043429231820365,1
1.4671252323299295,1.0741705654267013,2.9586104699014677,1
3.9427250530938314,-2.855604168954231,4.767286029745709,1
0.9985778064807095,1.80793490191073,0.9582973801201036,1
-1.306547671808322,-1.7098235851189276,-0.39935593648155887,1
-1.467993445985605,4.226384383663262,-0.010240234610414631,1
-0.2845413007393754,2.039187279766549,2.3416441209006424,1
0.840063937758133,-0.764386582846021,-5.57844698843914,1
6.009188487064292,0.4854023059414588,-2.0985020414656006,1
0.24058162341518133,1.2637372763272583,-2.342910494176454,1
1.052709844163891,1.0074848419515468,-2.12727340448255,1
3.192497888907222,-0.22897796353951974,1.1626263171657756,1
-4.467957240439453,-2.396288433517274,2.327201783194195,1
2.685736122751345,0.6912761653147036,5.217912514287298,1
0.15514759674485015,-2.217101461263722,6.463116630296608,1
1.1598285561857307,1.4340833572270062,-2.5140493297466664,1
2.544931684245968,-2.5342922688359732,-0.2261270965620412,1
-0.07817831677673479,2.8833075290285772,3.9813895264797807,1
1.5793666443293077,-1.3359753216579926,4.005430940657477,1
0.9458530571119869,-4.0269940738598535,-2.115353310982472,1
-1.3388141511475316,-1.310051650293709,-1.504012054390157,1
-0.6360721237754051,0.9893470389901943,-2.957364643405871,1
3.406253041255565,1.0573800285145212,-1.7774169005832166,1
-3.582288882452755,2.505144277107034,-2.7683553104040115,1
0.14827111402000123,-1.7847828769105778,0.9158300662967028,1
-0.6798285779375179,1.1108892253846383,2.042314582916224,1
-1.3287108830873162,-1.1619150419761266,4.722765717994446,1
-0.9933515567246775,-1.9851974764260962,-0.9490063770426858,1
1.3761171472197917,-2.494216990406901,3.3957441568066544,1
0.8275396129438366,-0.8068147424823587,5.355836194663925,1
0.34803856033931074,0.6503291869229317,-3.2707233790579178,1
-2.583153169334418,-0.20175531450970083,-5.7035853890142425,1
-0.6028194470166561,-4.070018341727977,2.271148284020247,1
5.436418140769114,0.7362796561988495,-1.9984340788353252,1
-2.0259525833868697,1.0112836576188344,-2.9480138327663794,1
3.0432481792779362,-1.8038096699635071,-1.4578094746031056,1
-4.101959960210605,-0.18129181675198863,0.7353197474288444,1
-0.16588028190157134,0.7242044443716058,4.123436953423679,1
4.458686839758852,-1.8371550128926106,1.7970591514282452,1
-0.550063642777588,0.7642548497451562,-2.699680968795168,1
-0.750012963194677,-3.6718261805374155,2.3948853330810054,1
-1.543040588688388,-1.973094843701923,-2.6329100336023896,1
-0.3829994829550092,0.6493114298491329,4.35607127914232,1
-3.9276020133008043,-3.1364115717687775,-3.329046508321637,1
1.0314407541777846,2.673895521507726,2.302796971260688,1
0.3608483621126192,0.7506603920703051,-2.124633014568532,1
0.26137715480149476,-0.5074293928173002,2.2250938829776197,1
-1.4172965526479082,-5.26981336774404,-3.3233145065051777,1
1.3793392910355209,-0.947604595663838,-2.000619238266954,1
1.1452847578560792,-5.472210206160109,1.433747718014096,1
0.10860744955294845,0.19415592619539135,-2.1268051870853877,1
0.125497475142699,-4.148784306567232,-4.617374648019409,1
-4.329388488824869,-0.7668301749966607,-2.791022001693557,1
-2.1832055833657322,2.2336863770794713,-4.913410990842078,1
0.14198234448647828,-0.02608449560215268,-3.9372025030517763,1
2.6565654717624407,1.3691755703818356,3.5479938017194614,1
2.0115785770391037,2.56807793664541,2.8744224501109077,1
1.0761292534024152,0.19332384341628542,-4.804527662900291,1
1.5174344473706747,-0.022530432544892082,-2.2876233696847224,1
2.3513067691645713,-1.0623411758423071,-3.1282370063822884,1
-1.8467345304851286,-0.02942869268729168,-3.149681535003252,1
1.8663256818875198,-1.1490354243148142,-2.6592555362686663,1
0.6799947163198183,2.977607484697469,-1.247502328549896,1
-2.779538720770938,-1.3601385366790233,4.492050164900534,1
1.197658960313088,0.7304658197950926,-4.735688068131853,1
-2.6437387116290187,0.2549427483790448,4.399100672267396,1
2.9023733823945403,4.910812082002488,2.786088207574357,1
1.0551307539447254,-0.1402916234129136,-2.2622121259605406,1
-0.5812828643522627,-5.322874952092127,3.732748769874395,1
-5.190342061779783,-1.139388192174042,-3.6317777527436834,1
-0.5300179262609728,-1.2337890647462626,5.595067210474687,1
-0.3471800787965363,-0.2737236480274898,-3.829055539809519,1
0.41626600271827463,-1.2330643254326719,2.8631855456691744,1
1.065072503739349,2.7180299097435263,-5.126867205397721,1
1.7526132406975774,-0.13631758440661473,3.3741205144171547,1
-4.12279217063323,-2.5236550987085984,2.964561268719159,1
0.009256598001023407,-0.010356153668157557,-5.502793610863638,1
-2.5112018826352824,1.4393507392857834,-5.100510407407324,1
-4.901366440945625,-2.886077301770912,1.6683514773293795,1
-4.804590595445353,-0.3121547529803007,-1.3493777004863772,1
1.2651937454663285,0.2932029436450983,1.992091846012269,1
-2.2740817836989624,0.5545039526951628,4.360887733896102,1
-1.8418072599314215,-2.9164261551241983,2.184733347822082,1
0.5095333240825618,4.854474365269518,-3.1419333457777356,1
-1.390494125740615,-2.081436673814271,3.7119528683274794,1
0.22478499025920173,2.116927367833948,2.6993560138601476,1
-0.19718253990795082,-0.01440578091585041,-2.0093805631876234,1
1.525840366429211,-2.8913623469695993,5.224842639892973,1
-1.5375726491394692,0.7684661871312015,4.740034992954391,1
0.7120794082675355,0.34591029475688784,-2.922919015371743,1
3.1771459281091516,2.3422236139887054,1.7415522027051402,1
-1.6143141921028747,-1.8257895291242345,0.5194808178286936,1
4.279864996127598,-2.0651628969285865,-5.078228825423459,1
2.6903615358312796,0.6046306013738802,-0.2238163586016128,1
0.02196466093328972,0.021726792034649507,3.844935418865059,1
-0.0020145788738309767,-0.0002031011173987159,-2.9149879896897417,1
0.889778057870569,0.2180685747727693,6.10489171759654,1
4.306357106228127,-0.3903166388450704,-2.817328914575588,1
-1.0126093524275073,2.8247548863298975,-0.15926332236792906,1
0.013602433196365084,0.027560927223033427,-6.093995055908954,1
-2.3238010094167905,0.21980451496571088,-0.5288915949858339,1
-0.13424778837786894,-0.797827086396358,-1.8590688235126303,1
4.643604191290709,-0.14753065194561116,4.756078241182582,1
-0.30188012791862956,-1.961580537366475,-5.933785392980467,1
2.0434442397219814,-2.356255081789995,4.214796137774957,1
-0.46532118996512073,-0.3600807867544454,3.7714692065764286,1
-1.637805912836202,1.8132340674581575,-2.44707930039642,1
-0.06856920725804481,-2.104545344605723,1.6630848619552168,1
-0.1717300464476839,-0.8231117539780507,2.6419694078338583,1
-4.833276650408616,-1.8243396473589393,-2.2685298969327254,1
0.25558010481772425,-0.8577942771684673,5.699632792628779,1
2.2853838802711492,-6.494698613128173,-0.10477519851543651,1
-0.7336649527271606,0.17412777760880832,-2.194699464059922,1
1.1976962485607339,1.283176604727874,3.160295812280799,1
3.367142688505964,2.637005848102675,4.651436234457417,1
2.7574239408740584,-3.257693015360437,-4.285016199712525,1
2.4222735362902106,-0.8776856930698443,1.4700780010214312,1
0.5200100940949774,2.283522721197439,-1.5690559132665491,1
3.116074195540804,-2.1694076496315042,-1.07733775383147,1
-0.5180713890518844,2.2749222583187048,-3.918718413133303,1
-0.5042677533792604,-2.8170305120758052,1.7517914862526194,1
0.5548382153826827,2.0333610645795437,3.616026958671288,1
-2.121721614706709,1.0355801826573356,-2.2438400174488224,1
2.7253689989996523,3.845395453016967,0.3762367444128084,1
0.4718864367303624,-5.197159027490044,-2.2220733137502457,1
0.29288044681121433,-0.48863431361436155,-6.096556325884382,1
-1.1282132255362145,-1.6171180878558227,-6.684678245890052,1
-1.37693035713898,1.3089327885710977,-1.5110285569518984,1
-1.4034245238013119,2.278284583994252,-2.322742530706196,1
-2.8562034851939617,5.167429752565054,2.1846861380793143,1
2.545408731486498,-0.7042962234258204,0.38665174268242963,1
0.7795781876694138,3.4890925408614075,0.5049136758407821,1
0.358198623615187,-0.18979232906048973,2.4470346192577956,1
-0.7819565842449699,-0.04777107325779262,2.3294703258444183,1
-1.7448131134068834,-2.3168792410089423,4.4482942192365496,1
-3.9482396645802047,-0.7106217367685713,-1.2817333316091244,1
-0.21541191522376363,0.17434908246305242,4.978501383637644,1
0.4522771539598663,0.9908053870873874,3.7094712469982736,1
-3.876032507128884,0.23486858540547095,1.8707723253745452,1
-5.608376056978576,1.4570824976017205,-3.227164127621789,1
-2.4086406528280855,1.6339350055255324,-6.042790652573257,1
-2.895593537589482,-0.6871938488525449,0.2891756933919861,1
-0.3975153960875516,-0.3210311374421999,-4.096836505587326,1
-1.618882290852653,0.018045759850566022,-3.1721159662883345,1
3.0563359602299496,0.1885011718410044,1.5319068399653117,1
-5.72633221009056,1.9219726989133783,-1.324289240465085,1
-5.224539617908888,-0.38910113017051573,1.4589972396079376,1
-1.7295992803815425,0.19667580592387088,-6.055074564475519,1
-0.3338751077817936,-2.80077626559773,1.4287141851245238,1
-5.282772659096199,0.1368309569701367,3.1570308772802598,1
-0.018217012173761597,-0.17831337455903368,4.430079170430321,1
-1.7713952697307627,0.5158199960527332,-1.7652039942688282,1
-0.5627064955114859,0.8872075539692759,-5.201963135616882,1
0.8424960543905765,3.5282800218820665,-0.5792610532603146,1
2.836464322705878,-0.03786763968461279,5.248184499587629,1
0.06494826783771147,-0.0804621477140993,-3.24436870704875,1
-4.225988636727,-1.4787753975483673,4.994611601924639,1
-0.04942745425541324,0.03193385349971891,-2.4100716858805504,1
-0.2966211164721272,-0.09210064861148777,-2.1662702496751485,1
-0.5968564873502035,2.673404393727009,3.1953237023566126,1
3.4274996717699815,1.9090288002770306,-4.368065484557512,1
3.773422752693504,1.0406571727102358,4.107838187952052,1
-2.088739090807213,-2.220368024664772,-1.4078129190732565,1
1.400260978659449,0.9110073519042149,2.8218077290936883,1
-1.5218476691035077,2.9635126266304406,-1.3096931766354936,1
1.864811330713832,-1.3735017633603979,5.533205282184622,1
3.076499420413284,-2.6670327020080524,-4.5498948380003625,1
4.942827331706783,-2.7965192441396,-3.4366814212504457,1
2.8426842459588078,-0.7317862430833573,0.7503664233854304,1
-0.7735836745645069,3.1089819391339115,5.4284126941295705,1
4.025049501711142,-3.194776175031338,0.08954219619260276,1
-0.561628221679376,2.2128238822483888,1.4419849996742575,1
2.7158263436645447,-3.1940186899629213,-2.1123833490980326,1
-0.2924515416589292,-1.4479381059025784,-4.3304993362992485,1
4.366881981053255,1.667954108717911,-0.7188872735284637,1
4.053642456935091,-3.032836233351388,-1.226762996414962,1
1.607156375172446,1.3373369282432879,-2.8000495901376308,1
3.302717750418875,-0.5904850359907324,-1.8663498540833703,1
-0.04845685400486476,-4.601861657034673,4.5679410622504255,1
-0.5132564554340359,-0.5040611096380858,-3.4617017896957063,1
-0.4395184231647403,2.403491348251932,-4.41001866645626,1
-2.064132809125763,-3.677008501382112,2.7439546510594686,1
-1.5959486018811533,2.5838158399327162,1.5475367844091643,1
3.164114658265665,-0.4026457528049028,1.131353427613964,1
-1.9455710362982748,2.2888309967925053,1.5854597603689504,1
0.6252610162734304,0.49431665345232556,2.1338988663249183,1
-0.019441261341880497,2.507977604845476,-3.440111464935657,1
-5.129391642339686,-0.05041635411136778,2.798664401426694,1
-3.8441958305689923,2.1452593574328516,4.036427198940288,1
4.847591787951149,2.037496208618317,2.216681571253189,1
-1.0706841370843003,0.17372537322797113,-6.279885768273766,1
-3.2049670340874865,-1.8216321065548016,1.160124519144072,1
1.938641855265096,1.6352605404148328,0.32003442149277267,1
3.828325125420575,2.7784562761390297,-2.6821534317158853,1
0.1502089268768748,0.6406186213511021,3.859748006311672,1
6.203193312503565,1.9646767431667624,-0.5564979794987301,1
0.9237904646972432,3.5937534985764814,0.2691028713512813,1
-0.6592767208717831,-1.4814723190479453,1.4371263831759682,1
0.17998680585838536,4.421769911092458,-1.483134212566475,1
0.039160168030979645,3.822165914579438,2.085528796043615,1
0.3746868917651979,-1.3872565810889605,2.8267851935549473,1
-3.2795770620175557,1.2455697562064463,3.4246308551060314,1
-2.318459264444392,-5.426558882150236,-0.5151536488255868,1
0.6998896487686739,0.23555953581898464,2.858853921489176,1
2.6822162099185474,-0.8472784696445829,5.175543581443573,1
3.244041095718584,-1.6548602241171526,-3.7922774253963025,1
-2.688340599959801,-5.060477518340912,-0.8836942825006054,1
3.175598682343251,1.5686764926657872,-0.3960677347242279,1
0.31106225931471043,-0.429254865150076,-4.329433111800289,1
-5.610775809559031,3.128760674629783,1.2574210699243114,1
-2.4381414693835164,3.6944830055801363,-5.186566184534346,1
-2.104942102925762,-0.6372624469350202,0.05407062988601816,1
1.2123101755687955,-0.4503584461741616,-1.5754979899365977,1
-1.0601734157158587,0.5877327758886803,2.6074267422037085,1
3.3156490641622396,4.0887481766362095,-0.6399680720679,1
3.542341014237254,2.813931103954967,1.3594467675179154,1
0.7499726115526392,-2.473480922730783,0.5193775423278411,1
-0.020774807040158647,-0.06626679447452435,-5.820011343893421,1
0.1759571821900341,0.19304288852316434,5.373398540493267,1
0.35900774973893856,0.6886747186754335,1.926876600287579,1
4.9265756901106865,3.3779499776558817,1.4616428592620447,1
1.9818979304878346,-2.0054378354588773,-4.700034878171143,1
-0.979910143951315,5.632222350177029,1.2771677108617245,1
1.1693143842764173,-3.168710885680148,-0.5238541735540279,1
-5.524062197293218,-0.5621900623839625,1.3751773640161897,1
-0.7982627390836196,3.033511815508693,-0.24110995458435455,1
-2.5734510855447517,-1.6253738757624547,-0.9214013899171856,1
1.7003419205817154,-0.5544567780064256,-3.2304717892686092,1
-0.4245804225925939,-2.259318880566024,-5.338231929171428,1
-1.8794687523331866,1.7224893710215934,-2.05558005153321,1
-0.4094455959661794,1.6907123619590587,5.494666156027142,1
-2.246720815264511,5.7946635085679405,2.0005966821253613,1
-0.374540256699435,-0.49440340190223536,-5.037737857379967,1
-1.17148558627928,4.973381605977195,0.10831880193876998,1
2.087049023191981,-4.482192897646011,-0.7493891166753299,1
-0.8341718474033826,5.421427688804125,-4.3101550473061305,1
0.09054129054602145,-0.07926508947772502,2.7136739675843935,1
-0.040357601437104464,1.6443951713761336,-5.787034811285177,1
-0.3892648741848521,0.2816543340099927,-2.581513610099686,1
0.8630552871381727,2.7692231677388186,-2.2457097921552034,1
-0.6263294993279952,2.865357953633589,4.131846383660783,1
-3.05844441796177,0.8412140535124699,4.4421766371254865,1
0.9030769303322322,1.3947855692073712,-2.5407558182602212,1
0.03700230745037394,0.25425104004673227,4.355316667290485,1
2.8387896909840697,-4.675232282977121,1.6392247075340196,1
1.6475794432958637,1.4716864134429524,-3.661143579081168,1
-1.2437418367390218,-5.738792257731441,-1.8446052239922126,1
-1.92622908590954,0.29928806778950817,2.5887259703204832,1
-0.04211829410052235,0.0013809410478796526,-5.582313610023165,1
-1.7596222931926448,-2.3792319243900684,1.4038587932462674,1
3.084896121319741,2.4658078157012606,1.459452877127523,1
-2.3081261651389204,-0.14266619073171544,-5.356140744038401,1
-3.4903405486829624,2.0685357125140165,5.271382404986497,1
-1.388866761111712,1.8785402656794892,6.00026514540801,1
-0.706054404872045,1.6193828542819206,2.3720584481629787,1
0.011505418542714776,0.013015737567717518,-2.182860032261704,1
-1.4987273086856954,-4.444324746995775,3.2373114275604666,1
-1.1527145745644187,3.4095230642723084,1.2719415655507942,1
1.298521371732082,-5.409733933326335,-1.5350959046968773,1
6.37019620502922,0.9706345445145905,-0.7506512646139611,1
1.8765716166071342,-1.2861923863309122,0.25178166709843675,1
-4.873971038938511,-3.8683287669275255,3.1283729311717168,1
0.9266064855269733,-1.0173233754431832,2.6282295090539156,1
-0.2711902487154724,-2.1697243906095136,-0.7142157296614764,1
-0.0005845713525762075,-0.16699921782502924,-2.981442608570953,1
-4.267245456588536,0.7240394415309197,2.6409523628595015,1
1.4736750101850837,-0.2144807274700669,5.295753107088147,1
-4.839842041701194,2.883951988916971,-1.3476414213637224,1
6.016005692126283,-0.04821175343435672,1.6148810473195363,1
-0.6832910658529536,-0.330158624580149,5.363884407852718,1
-4.083494494006003,-4.584994395880912,0.48016532016181007,1
-5.155879995085018,-2.8951155476318386,-1.4764972916059853,1
-1.1954581767942267,-2.9994198656272135,1.6554866753867223,1
-5.2468821942974015,-0.11639468098413848,-4.5688302676543335,1
-1.9427133832921448,-4.055798585828264,2.67115283879089,1
2.20394202556346,-2.315062350604896,4.807350750548576,1
-1.9016002397062288,0.6412676883208821,-5.570413503767185,1
2.535260849713527,-1.336536525303747,3.737125456410673,1
-3.619014514414609,-0.8540064329315491,4.394284371208285,1
3.444370133621648,4.667320748897679,-3.6826603619985696,1
-1.556661504262678,0.3715009860505486,-2.0776886369961285,1
3.3482081472805927,-3.3156038778910575,-1.8915575067602233,1
-0.09975161258827231,1.4376848557416824,6.120996131616072,1
1.9008014543141842,-1.282222228172274,4.887311162483098,1
4.5745225748348215,3.3629110036502547,-0.1644753094150146,1
-0.5606297915514697,1.178066006159578,3.8899010465321715,1
-4.2063954780692345,2.633473439077343,-2.359249163032052,1
-0.232927963386945,-1.505631155331345,6.233218904120704,1
-0.7263195862272251,0.8086149605230463,2.5448151637867604,1
0.08375083679533243,2.3591137021463333,0.7387131732404806,1
0.623415890537374,0.3212768871569084,-1.9814705499342744,1
-0.6734377351493716,-0.14589345578775328,-2.9344104544227982,1
0.33777581434195103,1.1720036312939697,-5.0596908763252255,1
-3.3443037668932094,-2.168736220773679,-0.9162536990718723,1
-0.4392336734875331,-0.4278131243795865,-6.260507659500642,1
-0.3448670675244181,0.06577565450918559,5.411902425944498,1
-5.496350985022358,-0.02579312171274933,-1.2029782661848638,1
-1.0540286526528284,-1.4442480329364165,-5.333174247226041,1
-1.6274570217243902,2.7709833671319606,-3.3306118535741134,1
-0.4552947480620326,0.012594284952384483,3.793172401508264,1
-0.9720004744126103,1.0394645215612826,2.361612537324311,1
0.470335317032267,-0.058787593493265226,6.927357214545384,1
-0.25438687512418645,0.879824621543127,-4.8318303330305135,1
-0.9217644388504543,-1.863400851520056,2.6248906018517633,1
2.2817807760742466,1.0204426708662462,3.0416202188165293,1
-0.968941727664118,3.331117899798153,-1.9169248912916252,1
2.433171559427607,-2.878212541460784,-0.5757482341097473,1
1.0981633465697613,-1.410926224414992,3.0019764665532622,1
-0.2564405024443957,0.8275092261495717,-4.47828825988307,1
2.355892140349548,4.737088718198954,-3.170385689868691,1
0.27768048037638243,0.31934312528287556,-4.100246962975965,1
-5.053262843650846,1.1977253907236716,-2.3467231652691605,1
2.4623451890194414,1.2183124335411641,-1.9455168452240847,1
1.4571967556909322,0.40474820289943464,5.049799114704161,1
-1.129966007760942,-0.6708110667525345,-1.7377704591874552,1
-1.4227100016731808,0.8845288328062832,1.8666686939845332,1
-5.64453236473063,-1.2760320051303735,-0.9174972120348999,1
3.505400075692936,2.940035435159946,0.8383189131711454,1
4.35826477189466,3.693090923931572,-0.5827891433561689,1
-3.681367129672936,1.3267307512287427,1.8471824078735517,1
-2.006116346562691,2.9527515291763566,-4.351959860059134,1
-2.8913624533832083,0.06336111756373299,-5.569845328736793,1
-3.2176930387978167,1.1491310330207318,4.618333112260266,1
3.0866152123469934,-4.681293406082661,3.2601817652278444,1
-0.8365635847821037,-1.5769923929794323,-5.448999817601234,1
-2.164035118609368,1.6878118132774684,-3.3677412330039354,1
-1.4808983923888905,3.861266428552352,-3.6925984317850773,1
-0.7344022229355592,-0.4370805665094263,-6.211675034501476,1
-5.769501763804824,-0.5031192655367862,3.1107648987688683,1
-3.6365582958987295,-0.6942516494881037,-3.4253338741767214,1
-0.41622243095748745,1.3552386814793098,-2.609563773207154,1
4.150543647303206,1.146218236388803,3.3908166615257045,1
2.411716818159424,-1.3209515563292407,-3.5133528550374504,1
-0.8393528876740008,0.1940022238962465,3.1092517176747965,1
1.0188671681562902,-2.8726322047264947,-2.8050256898661807,1
-1.4836354613093081,1.2777323424642275,3.0707045995528275,1
-1.670093978604593,-0.9002657108336606,3.1606850349342617,1
-1.3471082389606897,-0.07129432120680008,-4.008139354654094,1
2.679514661612498,-2.1081616265052023,5.497039475447959,1
-1.7605848634646764,0.9712219118972248,-0.47733828288496655,1
0.22519262583307312,2.5433444767304105,0.9803188441645662,1
-1.8979719188395616,0.9816001942730068,-6.577111448720965,1
-2.128059534804072,2.0570679902102564,5.6018833142343105,1
-0.4841632691275331,-0.20133089123380035,4.751777186849131,1
-1.92114498720321,-0.5427593611678492,-5.67507323091543,1
0.0804918306239982,0.9581021389803407,6.326175054213016,1
2.5727759435849444,1.573947171977436,1.6675915239083388,1
-1.255014647932947,1.8654198493588727,-1.0990217957824906,1
-1.7023787590533241,0.8976635365509772,-6.063518207355758,1
-0.7137318318402665,1.4036686979018318,6.6005910374364865,1
-0.15536281766408247,-0.2567234108373195,-5.459587178699416,1
1.176814662670702,1.1221797884716476,3.727079234300578,1
-5.849756417628948,-2.5022840342088153,1.9196446969916268,1
-0.6283679182649339,-3.286082720439802,-2.9960909430760885,1
-0.9710140624850878,6.273325438539881,0.07375632665940772,1
-5.031327505610316,-3.526925228893239,-1.7569281784756752,1
0.7044382410216836,5.223530307721875,2.472481852384447,1
1.7556810930103173,-2.9257545546953314,1.117598588691276,1
1.9269717533875288,-3.5745359816176894,-2.482128940885001,1
1.1201125341762286,-0.36732937440537666,-1.621743939422126,1
-0.19458926643385963,0.11574969587208078,-6.706907317526345,1
3.805236037889657,-0.8442149890709889,2.277798644933543,1
-2.763201547920102,0.08414200556167356,-5.354494057854047,1
-0.9117630083641696,-1.5580650189489034,-6.047976931902144,1
-0.45373699030809334,-1.0623143461065905,6.834278014856904,1
4.532895239632944,1.7482140005286133,-0.27177662265348973,1
-0.8509885111068993,-0.63301655767008,4.14575435224707,1
-0.9341593668806935,2.4247095881534144,-3.004722277487069,1
-1.786643554882565,-3.965547423728891,-4.599965712183233,1
1.293186956598846,-2.022597203948501,-1.180508418395477,1
1.0308772507784358,-0.08188937697376712,3.259630144101956,1
0.9682550856782494,-1.7220560445127824,-4.637505122304401,1
0.40248110820940863,0.3904553133076632,5.665576962642456,1
1.0449542438248935,2.2036382783193806,4.077225059954907,1
0.3227625450127537,0.9781170003739056,-3.011732806827029,1
-0.4604965206622012,5.226153404965781,-1.9190245249144842,1
-1.8260578272544588,-2.6080894229348206,-2.405380625189361,1
-2.0227313527469377,-1.866040911201233,6.1750146766238565,1
0.7437558420792969,-1.2459410705719385,-1.558686513243958,1
0.5847693034508611,-1.8901998728468257,2.2057552355280516,1
3.767987116984876,-3.616521302737691,-3.0127615376462398,1
-1.6058857249116176,-0.5981671235436206,3.015424185388443,1
1.8330130979632604,0.007772370283783784,-1.7522507847651667,1
-1.1441604488705792,1.9159532123203167,-2.999776402911581,1
-2.6223415190188213,-2.5194231711742714,0.5130266183629743,1
1.8328141519456562,1.7106097915847835,-1.5307978919179905,1
-0.10523839169383827,-0.13913090372943276,-2.923152247439494,1
-0.7539953633388781,1.503629410588787,4.677869464468281,1
-1.5767474611503434,-1.8638181641113984,2.4283777258795305,1
0.42104751092145526,-2.5743741534315614,-0.38127821215476115,1
0.8908104916921108,-2.4512385953070854,-3.464641723614221,1
-1.0463468060064969,-2.7591112396051964,0.2520225925595486,1
-2.17086580391786,-1.4328274267153518,2.3669742821027224,1
2.1264530756297018,-4.356747710696221,0.33150867350990354,1
-1.185087909625731,3.6775565052036416,-2.172881467731764,1
0.8889920327263218,1.1596040621953427,2.28327102847054,1
1.5591947876470214,2.7396949309543626,-4.761592286821462,1
-0.08038922817776414,0.08101572491169585,2.3677472147158922,1
0.35037726145956194,-0.13708644689537242,2.649093122164157,1
5.215111595853057,-0.7467204853372073,-1.6000186958111604,1
-2.9949956622566534,0.4308051106670772,-0.19306210319933692,1
5.594007939488308,3.5985311260232677,-1.865863873411877,1
-3.834667591673799,4.892647059847249,-1.3104809722294954,1
-1.2285975495902897,-0.009553150478143665,-4.764777431773456,1
4.89858861715152,-1.0572841945616454,-0.4522266909086205,1
2.608863176692923,-3.247248209549071,-0.5538558640252034,1
-2.1887356713983643,-0.8631585072624931,1.352296225606844,1
-2.6245796439231257,0.7224503302895318,-5.453070076484493,1
-1.731864532581046,-2.4507275935038697,6.1223536033415185,1
1.7950717726063128,-3.910956654308575,4.492675620139268,1
2.5382052238610844,1.274409480667041,1.5137889404945735,1
5.8189246582709435,3.651658097569064,-1.0171534368438464,1
1.86865017988389,1.7131904553796715,2.465747212696364,1
-1.322483575603327,4.281799893733214,2.1312876366499207,1
0.8008561127960153,-0.9211457888328823,3.8226898313243987,1
-4.433871346736174,-3.0266404992110596,1.1895371977721927,1
3.9102192691124085,2.6920733541247914,4.681905826865133,1
-0.8981443046358665,-1.9853127096369474,3.705022698233036,1
1.997026339250423,-3.696533321130632,1.4814036260043506,1
-1.2683799304502685,-1.0972765554869839,-3.119250029947336,1
-0.0418887743373129,0.0276877043507519,2.9065171818674758,1
-0.45304277754963257,-1.194293735121599,6.71283795809356,1
-4.762070576012194,-4.5260496732943025,2.067018483567979,1
0.36176368068638876,-1.481666009619457,3.0868182059688483,1
0.8990218796266877,-0.08693445882826764,-3.540265815518941,1
0.5923343295531847,-0.19320391587362074,2.350178408121168,1
-4.476784469498054,-0.9634644660430882,-4.687893368896768,1
-0.5334637204318787,-4.795827229578316,-4.641115348726086,1
3.0834071449821105,2.775308399814514,-2.6513408966828305,1
0.8378109634959313,1.340392051559582,4.911313419265579,1
-0.08521535000152691,-0.9525133677834303,5.225042383432731,1
-2.727458442928462,0.11101329273814983,4.341893396445992,1
-1.2980432722133928,0.27917390425845673,2.207852746362778,1
4.443369456888325,-4.230209013950333,-2.4146005879412034,1
0.06682989867046314,1.484782764022614,-4.0388780331504455,1
2.7576936032579398,-1.966292019354938,-2.9600342719662973,1
-0.37876653234266033,0.013187248386990905,-2.7458915492471694,1
3.1175109780805306,0.1564472905819457,3.487275420324023,1
-2.708792710121352,-0.2692434201452616,0.24277711588129955,1
-0.45473035791245264,1.3873099189280191,-2.9023481914427482,1
0.7689373743185702,-2.7481322738046763,-0.5537719793111209,1
1.2240160591971712,-3.021254436199214,-2.029748396891552,1
2.7390109172629438,4.020941320328687,-4.64909274842795,1
1.083881356675303,0.8654979440853184,3.2205727449621864,1
-1.555607344813006,-0.94799990846442,1.3885987757803044,1
-0.8885265070002504,2.4247714399827616,-3.157941978489144,1
2.082074584544838,6.001472558440262,-1.8603996851094877,1
-2.1946839786356573,1.0323148976170886,-0.21307429950908247,1
-0.2788235010352438,-0.4085144998334309,4.0022297090639105,1
-1.515614926938621,-4.9673300873321296,-0.11844644435982914,1
-0.10651138409942637,-0.013336582836838754,-5.941095828427003,1
5.393448031978799,0.3468894361414909,2.915005392521374,1
0.2862366208176732,-3.3984101450568636,5.784963849511905,1
-0.38723020189055757,-0.4538898084577535,2.8267207483698558,1
-2.4311966587281137,-0.9904904786153091,4.559501956606333,1
0.5019430773906663,2.1530824726587032,2.1431526304142436,1
-1.590571465447032,-2.295465759108883,-4.643512249207272,1
0.18667767439954017,1.2964113046165513,-5.070306211421434,1
0.16003140449709516,2.4334946375890514,-1.4430445761784856,1
3.1001132377751124,1.7021011762670948,-4.653478391060553,1
3.00471602018522,-1.0732025887813135,2.3346771726278517,1
0.10328223686408149,-2.582026473617094,5.764799194040827,1
-4.9226078876522354,-1.28677678857025,-3.422078124919804,1
-0.10321761488330558,-0.16136763122519152,2.1351239586605457,1
-2.522375799460549,-1.4161388556468142,5.932159465826829,1
1.5939712531252284,2.539583547710247,-5.321530868393162,1
0.9226524044527105,6.076560807708965,-2.6731523131622823,1
1.661423916644726,-6.493056704948027,0.2603397439975448,1
-0.01845258002918097,0.02135632148664068,-3.2498331549014203,1
-0.8169739686999511,1.3230278524699346,4.203694367537154,1
5.016040164503807,0.4796619633672104,-3.0212777596783886,1
2.9663452040497145,0.5524150165341778,5.121026234928258,1
0.0988178526863015,-4.490646757588546,-0.8275316771457165,1
-1.9715872140847306,0.7676948169410109,5.422986205436335,1
-2.1168536298019944,1.2223210148177823,-2.0461167000757143,1
1.0265400066216948,2.1144131430483606,2.1279648359981134,1
1.5769089556973528,-1.32794319619121,-5.4018293317944455,1
0.8951165914396264,1.4026022647768501,3.132729400392479,1
-0.1416926400005872,0.6638980676461418,2.1475139894368085,1
1.934200554871674,-1.2663183844146984,-0.6278576698266097,1
-2.1084417902848567,0.8890783859891421,-5.151402285734859,1
-1.3944035592859483,2.1876823641400036,6.280882386712592,1
-0.42581856601660484,-0.024402561039021414,-2.139038062779372,1
-0.11662647624112865,0.7353992704707604,1.9953220797774924,1
-3.6341334826832026,-3.4237943385625025,-4.74516705205156,1
3.1539704965338116,-0.8477178571452493,-1.8408009212252192,1
-0.9920054508885586,-0.07875826880841971,4.125503011606114,1
0.3546550472269844,-0.455763320224057,-3.0857531341422657,1
0.3944820079773598,-2.7605777394016955,-2.1527292925263204,1
0.7144267532623099,1.959934027844352,0.8154521824524985,1
2.527141878617703,-1.295200608471355,-0.4986347204658596,1
1.0089316387928446,-6.613437636976071,1.8261965433417455,1
0.7674908520541599,-1.4027434226427438,6.217672519808441,1
0.9231679667531669,0.16908998146653922,2.8780251575666016,1
-3.9744122915022095,1.0484806738189136,2.7938576029972024,1
-0.5409197364919954,-1.2960609160957262,-2.4885919231539226,1
-0.7988746451733808,2.784152485247944,-1.7344931416475327,1
-2.7303891949357717,1.1090590348804807,3.389679688286957,1
2.756686041084012,0.46900396672844497,1.6248839746831887,1
-0.46454582044858717,-0.03977523199122764,-6.434157270032454,1
-1.8149205515680553,2.770157715268617,1.8435021632783493,1
-1.0845104987102951,4.159423989908289,2.0903068358723655,1
1.171435614717274,0.5571977390024093,5.096769712640211,1
-0.0034879203202378894,0.0036712450499463197,-4.172648533190332,1
-1.492076285152418,1.9782863736468688,0.21335610458793183,1
0.5032458933877025,-1.0278920935901086,4.718215586586038,1
0.34332343582710523,0.6696229351888509,-4.243610053090595,1
-3.7325473575308084,-1.031470425663086,4.564909569102861,1
-0.15793742295050722,0.9748808656283172,-2.509707614176446,1
-2.791513609434613,-1.5634842923492518,-1.5303036762728737,1
-6.057166481887424,0.7714413830598867,0.8739464916850508,1
-3.259422854777592,-3.1388667686237426,-4.627833906238708,1
5.081198766604992,-2.310850672450024,-0.3204769928780564,1
-2.05724716730184,0.16539269380259955,0.12955807399461838,1
0.7157148285247072,0.9459257744199275,3.60420781221771,1
-0.22344272883076366,1.0595340856368758,-4.40467429337825,1
0.8465411984262251,-6.347412592543271,1.1097706787407633,1
1.8554170345938885,1.2879820929200432,-2.0924917620174908,1
1.3501175377444519,0.08102652325785227,-2.7203887725074027,1
2.744913675349365,-0.15598636653840395,-1.0502658637853508,1
3.591611677130672,-3.0361307268017925,-4.778069901643891,1
-0.19834005353163747,0.3828899344161893,-4.267968709769415,1
-1.0309975971410783,-0.5185128312644092,6.337606655725722,1
0.18408566763015538,0.029417824634807854,-6.20965091575299,1
-2.9786885859207564,-5.053850083179928,-1.5946154354227673,1
2.2104818436208786,0.33794450631856926,-3.2774997655953038,1
0.7754636563739424,4.954597235102465,2.14164582215309,1
0.04246071561552152,-0.057919768636153085,-2.7911984906609284,1
-2.603471102761808,0.5240160497953319,-4.930797807244744,1
-5.203731663519773,2.6737104149046607,1.5065028197381811,1
-0.5420325415812275,2.684022190060589,-1.0350186577018439,1
2.3820037643201597,-4.8593917278023335,-3.9635712970276686,1
4.553722016503148,-1.96196229470196,0.8186741497019585,1
1.4541419872388395,-1.0725973159058357,5.8795151676156925,1
1.3854775992721502,-3.0348044277822357,-2.715764845886826,1
3.8969752056814557,0.6003578907168406,-2.411886084596512,1
0.891374007635708,-0.34477783107140403,-5.06599218543991,1
-0.34518843191589776,-0.7586768008130197,6.163217610004263,1
-0.7136831513930049,-0.02823240477778825,2.152637589418622,1
-1.405488267466078,1.5710166861921468,-2.06610179487316,1
1.3708092146149358,-0.5105972728921604,-1.3806152308418715,1
0.6773689320339049,-3.963143503835774,5.722040857472371,1
1.7173337559374384,0.5687473112285696,-5.080103332882921,1
-1.1524399307125874,-1.1904509246683341,5.279789810490414,1
1.7628829713276022,1.3007380352679034,0.768555091826679,1
0.15258980415160486,0.004301771589740968,2.490219031646999,1
0.36689155304496857,-1.0123337569817752,3.0604147812315774,1
-0.1473466953463056,-0.05570742237714473,2.27772690210288,1
3.0048276933808227,-1.9501251258313184,5.5166623417491545,1
1.5236767555269157,-0.9186887413374918,6.165309773497439,1
-2.0811098703423494,0.9088057426650102,3.04528055899114,1
0.12238942647495824,1.0830527185702281,-6.034714864603207,1
-0.2211989284527418,0.10583724305262883,6.567605231858417,1
-2.675892849518021,-4.253142202358876,-1.385012875721676,1
-2.864765213757109,5.245937958068645,-0.6239665553084868,1
0.23077693243893263,-1.4955955299719024,-6.571400529326055,1
0.1444616782392615,-2.4820013720620087,-0.8657747963684655,1
-1.8995017367110862,-1.9582449785840133,3.283144271824715,1
0.062074763582641745,0.20728482941137882,-2.283561154355916,1
1.4575208517589568,0.3773534753611731,-5.344505315548273,1
3.984334870721097,-1.4517171565078655,1.1820241589352423,1
-3.236869139157717,0.19882363326234828,2.6303492232962276,1
-1.4265201913449295,3.365453135760843,3.7375062752288435,1
0.1706255101428638,-0.16376554274653513,-6.510826522836187,1
-5.505390402146602,-0.46459752148457,-0.46669681742391816,1
0.3868190198285125,0.5392743261132499,6.2395970479624605,1
-1.0444880457116492,1.137072029742534,5.499765725501859,1
-2.293720590402179,-1.2602297713899406,-0.9205723789398517,1
1.7165057632786869,-6.356866849564118,0.02812408881509385,1
3.6101762139875424,2.4712895954212764,-1.4391976076783648,1
0.9992375343605524,-1.288304377755916,1.5319791883224458,1
2.3016636671467428,-3.268060834021607,0.9861455425049179,1
2.7134539789573235,2.2977401529010257,-0.05947133167273878,1
-1.7776208159869646,2.7627740096653373,4.687201357859754,1
-3.4214181265427377,3.756264775849465,1.7938248231216092,1
-0.07034398395565165,-0.2612421775608907,6.3900836332444255,1
1.2194807512937569,-1.2454356319441156,-1.9588164091733185,1
-0.3500179402676514,-1.2602874321970465,2.2742712139948407,1
0.18803714282184994,2.307785961628806,-0.8960652553816167,1
-0.1560859623170807,0.1960155874918817,5.809481866313617,1
-0.23739531630192315,2.09499167134355,-6.414374497735321,1
-0.35183614282857195,-1.5971482608291838,-3.0533674053317976,1
-0.037260890272433664,-2.776876870656703,6.41238485523495,1
2.9247272675319387,-0.7844339690334509,-0.8182180615278327,1
-1.1920192305956296,-0.559374665488286,4.312087868205358,1
-0.09172816161000745,-0.5843597485921247,4.177347027424069,1
-0.8654410038738946,0.2901634574534193,-3.839711762257244,1
2.6010858709600626,0.6460716729489309,2.4702653483594577,1
-3.9158907840915793,-2.196806154370615,3.4375471266487514,1
-0.626418084928786,-0.2566087495122409,-6.166827253218949,1
0.06088543524633008,-0.2847723880087232,-2.95755857306245,1
0.007109695175746078,0.1559307395014569,-3.329783616083692,1
0.009383108188776924,0.0021437267299312173,-6.010743121069649,1
5.425133536313514,3.1640066381731695,-0.5407920251834327,1
-3.065435175764011,4.965306968327543,-1.3937704668967958,1
0.8542315867724981,0.7054413685440872,4.303612286546691,1
-3.180148090816466,1.4617262169832486,-0.5031306307832489,1
0.9921169302380911,-2.7405895242414204,0.23329858411813073,1
-0.6039181046063289,0.9470029026154125,-5.486326414534229,1
-2.5875318199462596,-3.0702124312608152,1.2985407075233013,1
1.8608984543137277,3.360192241609609,1.5627988822180643,1
-0.3141278387523196,-0.056894869462381106,-5.797540592133061,1
-1.116919684295979,2.5715150141830256,-4.597917930503821,1
0.16860422901923214,-0.329326375421804,2.5917675143750554,1
-1.8765181543504494,-1.9289900964571292,4.135238468523876,1
0.9525670130912306,1.0890622768399094,-2.529124686666953,1
2.2970401709242094,2.808985223250982,-1.5452155598469623,1
-2.2546295124543034,-0.4947040328763449,-1.6095279917887866,1
4.329597090249022,-0.24721814093787617,2.6158496656099888,1
-1.1526515138650748,-0.13968034634307996,5.25200438047738,1
-2.560339003005498,-0.004171520540400114,2.95628271397756,1
-4.197039297393089,1.9345562546964608,-2.411010439956168,1
1.347759054482149,0.38206869611815997,2.2591908803211713,1
1.1676910868741848,5.491825037227949,-1.3608727519761805,1
3.613361520290525,-0.40078838846637965,1.1749115772036822,1
-2.0234918485181295,-5.147801273983077,0.20062786155616277,1
-0.5845523493809338,0.37966229203487506,3.0287190247224682,1
0.51102544061753,-0.39351604357803993,4.9347829612163014,1
1.7817569754807374,0.46241435265225,0.9699550184374875,1
-2.874362888032237,3.877276440136965,-1.2032445127455413,1
-0.07368954119553373,-0.0516381293279205,2.9697026051709163,1
-0.8242169429994127,0.96698681057255,-4.655022553885067,1
0.40819101602359703,6.1429466103891945,-1.4408822129364391,1
-0.36362550064295773,2.686847638036394,2.9642222600115034,1
0.17656487673629087,-0.3393671745063606,2.256374434482658,1
0.22174409008806634,-1.9710999476986186,1.692571951181953,1
-1.0615917354896292,1.9738560711126072,6.346030622647156,1
2.8402190777188703,-0.4786499564430414,-0.3509771032656826,1
0.26298315542356926,-1.599812021504825,1.2337487683333332,1
1.9027413979071086,-1.7348562391648106,2.6618321282275663,1
0.09081190578590491,-0.6925300237324087,-2.3244470724814192,1
-1.7034793775414692,4.1345662442079085,2.2072752010132306,1
4.943425721918692,3.3282589248469017,-0.8393045565409901,1
-0.8772456669788495,-1.8439318459157388,0.9306280527168291,1
0.9386057531530142,-1.1352369159449145,-1.6928091743851923,1
3.0300905770708466,-2.0044546808336765,2.455015250718643,1
-2.4795725878116186,-0.927193155220227,4.179400958093602,1
-0.6633247445720797,-2.7021675774101386,-6.116116310200256,1
2.5040627375044977,-1.782599827743891,3.313514738327362,1
-1.163992761635736,0.1357839503867008,-5.443643134745265,1
-0.06710988502333361,0.21972146028906403,6.081015747941292,1
2.073357670278748,-6.483841975945236,0.5579086432864917,1
2.294375282177474,0.8561116738844049,-3.547056763681654,1
-0.2183624118548351,-0.4575047702661305,-3.886126576848081,1
-0.4349470482625628,-0.1214600586043841,-2.529742072895553,1
0.003162238336113076,-0.2500049064676772,2.673624290019472,1
-1.1584960756976999,-2.5420365286404536,-2.410175215792275,1
0.3254626587019183,-0.3707077807003108,-3.193565010014673,1
1.0574931907294465,1.4033524622782951,2.175307374843758,1
-1.4186957096335306,2.464743124487613,-2.481327964980481,1
0.9143587632232312,-2.640615085307224,4.454899199879463,1
5.215958370238935,-0.404170424819707,-2.338886415490652,1
-3.000304683181956,-0.11649495209537702,0.2844978280006879,1
1.2216459273558606,1.3599126374814694,1.4929399099226444,1
0.646321701781585,0.35649230209290916,-4.494053764608244,1
-2.301478921682397,-0.46733282234461077,-3.870755234081955,1
-1.5021109322896213,-2.626307450614875,2.2326479671504633,1
1.7334756596181768,-0.3313190799895066,5.330108049218409,1
3.3644174760399594,4.329852432429471,-2.783474144166141,1
2.903075980807532,-1.665279042547421,5.922828649197768,1
-2.5362910252994126,4.76921468032857,-1.880282454254633,1
-0.9473933089409702,-0.30330194000798155,4.889810112007444,1
0.7726990427629697,-3.91781928189135,-3.6979571624647636,1
0.5591882372121626,-2.54713171037357,3.7321141375893307,1
6.296269087823388,0.2637561895211928,2.448608159984226,1
4.2619530191454515,-0.5569473769265604,-2.6331238813812363,1
-2.619979301832021,0.12794641395123327,4.047253084530533,1
0.32468122874202,5.675274212203386,1.7775346633505387,1
5.842674257392456,-2.2897823092783813,-1.2440827684270135,1
-0.4380167085826578,-0.3281489110556946,5.943838009931162,1
0.19658886817660023,-0.01792983191048072,4.4384117607364,1
-0.631721313633649,-2.0526856628563976,4.658381240484449,1
2.9705329028465304,-4.692899742579943,4.015348470148488,1
-1.4395718324762632,1.2743514677818475,-3.201385617038381,1
0.48631856054842104,-6.482186616121739,-1.4627150492421968,1
1.5222987873649512,-1.6686404097696925,-6.134242478342095,1
-5.342164662048852,-0.6641642552440329,-1.9857135868098421,1
2.028540366163669,0.18282427115753222,-1.4166864949928073,1
-1.243135595487183,-0.6433015152335626,-2.0933391859011623,1
1.9990558840811927,-3.588425077723549,3.556011647045552,1
-4.865930623238559,-0.6758269503609008,1.082770506201456,1
0.7625424052639633,3.733339935914986,-0.4333181367472718,1
-0.5155743417708315,2.68684609327868,-3.1436216207939336,1
0.17598407360606236,-1.875729696641131,1.2119368662326182,1
1.0200951111084933,1.0011780693036945,1.490722711730767,1
-0.005392190313822322,-0.009618809918411509,-3.6722223809859758,1
-0.7504448103264865,3.854586748774798,3.7564170741217646,1
2.1290873136547557,-1.6275766272178718,5.710264942503218,1
1.6450515149110894,1.168874820217951,-1.7031659475484215,1
2.2388447219853496,-1.3146323691981838,-3.9851390557352384,1
-0.37429001012275415,-0.1370779043355783,-3.166566799841636,1
-0.8691659429775673,-2.1182453720998775,4.733290414028449,1
3.1571091205407553,-0.7032399870589429,0.8071724277226348,1
1.542084017147481,1.0865547527583972,-2.7305832613194623,1
1.3738349191142656,-3.8568083766689005,1.4870206015606395,1
0.4186599616977455,-1.811419836187212,-1.8114340949959085,1
2.644930347498016,-0.3223775274251832,2.2256500692217527,1
-0.448713637329665,-1.0240646301507546,2.735879347519028,1
1.5234229311023173,3.4874235289390665,-1.4224272961848134,1
-5.926494845045191,-0.9062809854967305,-0.6186989907176157,1
-0.49424711068835514,-1.706866070189541,-5.232327511171194,1
2.4950267437691935,-0.9930534162608156,-5.974109722912157,1
4.449459708053913,-4.485739099583143,-2.312156580267127,1
1.792653848270853,2.167210698699209,-0.015170298921129944,1
-1.1382737827129568,-0.9716796562704728,5.454711109271869,1
3.182592714628833,-5.828750553537902,-1.026421201761871,1
3.1313417196440905,2.2023058240300055,2.6180565990691926,1
2.6762831475299014,-4.796253783111766,2.046456063636654,1
-1.6965992090465571,0.07387277187460434,-3.433205396168608,1
2.5146244421998043,2.3984330689491955,-0.2612526693153836,1
1.5589253080401324,6.143649135053489,-1.350958760841359,1
2.6589564507068766,-3.431580209098809,1.2724110016317696,1
-2.1371335256179735,0.11401089826800175,-0.6579562256989391,1
1.3945847692618005,-1.688195253451034,6.569181091696292,1
-1.16064440184602,-0.9658042156104178,5.364330661777867,1
-0.9272834317761048,0.3451581873626272,1.524050552197331,0
-0.9935239241239572,-0.28092372386391695,-0.5300540704341422,0
-0.6030820369514255,-0.8470944201833931,-1.0311004744668304,0
0.43425245499595,0.13833141652385128,0.932571255117539,0
-0.46174797925828837,0.20487346430736963,0.14305965698130801,0
-0.8223578699449786,0.2129591926401755,-1.5528055356658335,0
-0.17371186789212167,0.0436368252576849,0.3815732276788333,0
0.027504922021443574,0.03523309806233676,0.009184427407426917,0
0.47283016819466084,-0.12053477423188039,-0.33318345382967096,0
0.537122228006721,0.19701146978122783,0.928881571309134,0
-0.45962636405810203,0.002991262444171537,0.7442896865055586,0
-1.2140610683036106,1.261390774434577,-0.3811730206486521,0
-0.11541900106427201,-0.10506828412833451,0.05620675927333697,0
0.5602378301194705,-0.05042109563583375,-0.9818191106198185,0
0.5504611397554914,-0.5377801315182197,0.9701593210516001,0
