age,Salary (in â‚¬),sexe,is_pregnant,is_parent,weight (in Kg),height (in Cm),is_normal
31,14219,0,0,1,74,180,1
63,13987,0,0,0,89,197,1
94,30171,1,0,0,85,189,1
29,30008,1,0,1,76,198,1
65,6223,1,0,1,75,181,1
65,33182,0,0,0,73,182,1
99,35856,1,0,1,72,180,1
3,0,1,0,0,18,86,1
77,35259,0,0,0,78,180,1
71,269,0,0,1,76,198,1
100,8773,1,0,0,76,189,1
14,0,1,0,0,39,144,1
3,0,1,0,0,17,89,1
83,12980,0,1,0,67,189,1
97,28814,1,0,1,74,190,1
43,26639,0,0,0,66,176,1
64,18056,1,0,1,69,192,1
53,5471,0,1,1,63,182,1
81,11692,0,1,0,83,194,1
94,3175,1,0,1,71,192,1
56,26390,1,0,1,68,176,1
51,10514,1,0,1,90,195,1
48,39535,1,0,1,77,185,1
58,33164,1,0,1,67,182,1
27,11711,1,0,0,62,179,1
87,14799,0,1,1,90,198,1
53,1046,1,0,0,81,185,1
40,34697,0,1,0,89,190,1
92,5478,1,0,0,63,183,1
96,5957,1,0,1,71,179,1
82,16606,0,0,1,88,199,1
34,23807,1,0,0,81,183,1
53,30676,0,1,1,70,175,1
73,15538,0,1,1,91,197,1
6,0,1,0,0,24,101,1
49,21185,1,0,1,68,179,1
95,3842,1,0,1,63,175,1
46,16055,1,0,0,75,197,1
12,0,1,0,0,34,135,1
22,32667,0,0,1,84,197,1
86,34288,0,0,0,77,193,1
83,11308,1,0,0,76,179,1
33,30673,1,0,0,72,187,1
11,0,0,1,0,44,143,1
3,0,1,0,0,16,88,1
21,19761,1,0,1,75,199,1
78,10558,1,0,1,93,195,1
43,5028,0,0,0,65,179,1
46,22632,0,0,1,70,181,1
28,3245,1,0,0,85,196,1
65,12373,0,1,1,70,185,1
27,17023,0,0,1,69,186,1
44,923,1,0,0,72,176,1
97,7628,1,0,0,91,191,1
0,0,1,0,0,16,82,1
35,12317,0,1,1,90,197,1
68,21871,0,1,0,67,177,1
91,23721,1,0,1,77,183,1
92,39227,0,1,0,64,181,1
41,15139,0,0,1,70,187,1
86,15203,1,0,1,72,197,1
19,9508,0,0,1,81,194,1
25,13881,0,0,1,71,190,1
54,5342,0,0,1,85,187,1
33,18893,1,0,1,79,188,1
73,30886,1,0,1,86,199,1
50,9775,1,0,1,75,182,1
38,12165,1,0,1,62,181,1
61,27200,0,0,0,68,183,1
90,2504,0,1,1,64,179,1
62,17373,1,0,0,75,190,1
9,0,1,0,0,38,125,1
29,32899,1,0,1,74,183,1
96,25199,0,0,1,80,183,1
71,12708,1,0,1,70,176,1
95,38155,1,0,0,62,178,1
35,17010,0,0,0,82,188,1
82,12216,1,0,0,63,179,1
30,29483,1,0,0,86,190,1
41,11040,0,0,0,77,198,1
84,28532,1,0,1,59,176,1
83,29862,1,0,1,81,182,1
93,21601,1,0,1,91,191,1
19,15793,1,0,1,80,180,1
26,21452,1,0,0,91,192,1
67,18448,0,0,1,79,189,1
64,21229,1,0,0,70,193,1
27,17339,1,0,1,66,188,1
28,33741,0,0,1,75,192,1
55,28471,1,0,1,72,183,1
79,13881,0,1,1,97,198,1
53,18891,1,0,0,93,194,1
29,38198,1,0,1,77,178,1
93,34496,1,0,1,65,179,1
18,17125,1,0,0,75,190,1
91,14367,0,1,0,88,199,1
94,9003,1,0,1,79,181,1
85,13725,1,0,1,67,189,1
40,23831,0,1,1,74,189,1
72,6325,1,0,0,66,183,1
6,0,1,0,0,33,115,1
70,24233,0,0,0,82,190,1
93,18254,1,0,0,80,187,1
71,1041,1,0,1,63,178,1
12,0,0,0,0,44,134,1
79,7250,0,1,1,69,191,1
10,0,0,0,0,51,144,1
29,33606,0,0,1,82,188,1
96,24838,1,0,0,97,197,1
93,9383,0,0,0,84,195,1
82,11089,1,0,1,66,181,1
32,26897,0,0,0,69,189,1
67,7892,0,1,0,76,178,1
7,0,0,1,0,26,108,1
50,32705,0,1,1,70,177,1
50,19172,1,0,1,81,190,1
98,5517,0,0,0,73,180,1
17,25545,1,0,1,56,165,1
91,39188,0,1,0,89,195,1
41,1046,0,1,1,67,188,1
56,31335,0,1,1,78,182,1
42,156,0,0,0,77,176,1
18,19616,1,0,1,66,185,1
19,35099,1,0,0,62,175,1
66,7460,0,0,1,97,197,1
29,6308,0,1,0,80,189,1
33,23766,1,0,0,69,177,1
96,1154,1,0,1,79,199,1
24,6088,0,1,0,75,198,1
88,33811,0,0,0,82,197,1
72,20215,0,0,0,79,198,1
73,14150,1,0,0,65,176,1
31,6159,0,0,1,79,181,1
54,23230,0,1,0,76,175,1
0,0,1,0,0,7,57,1
16,39937,0,0,1,57,171,1
27,28064,1,0,1,75,191,1
1,0,1,0,0,16,84,1
96,3496,0,1,0,69,183,1
7,0,0,1,0,22,108,1
37,22333,0,1,1,78,196,1
50,28602,0,1,0,70,191,1
5,0,1,0,0,26,109,1
34,19128,0,1,1,84,197,1
11,0,1,0,0,48,141,1
37,19551,1,0,1,58,177,1
39,34721,1,0,1,84,194,1
1,0,0,1,0,11,74,1
82,11,0,0,0,76,181,1
55,37018,1,0,1,68,183,1
44,13375,1,0,0,75,192,1
87,16527,1,0,1,79,182,1
1,0,0,1,0,12,75,1
30,26033,0,0,0,65,185,1
14,0,1,0,0,44,140,1
72,21831,1,0,0,71,194,1
68,227,1,0,1,99,199,1
38,681,0,0,1,75,187,1
5,0,1,0,0,21,101,1
82,11448,0,1,1,81,183,1
16,30738,0,1,1,55,170,1
47,18551,1,0,1,70,182,1
31,34711,1,0,0,79,191,1
70,28641,1,0,0,75,191,1
17,6630,0,0,0,65,168,1
18,15854,0,0,1,89,194,1
18,30,1,0,0,81,187,1
94,282,0,1,0,81,189,1
44,26952,0,0,0,87,188,1
74,18515,0,1,0,82,182,1
20,5655,0,0,0,72,196,1
26,4198,1,0,1,86,190,1
21,23212,1,0,1,92,192,1
15,0,1,0,0,67,167,1
19,28822,1,0,1,83,190,1
13,0,0,1,0,44,138,1
46,39353,0,1,0,93,196,1
77,617,1,0,0,69,186,1
99,22021,0,0,0,77,183,1
74,24506,1,0,1,71,180,1
35,30240,1,0,1,85,199,1
12,0,1,0,0,42,138,1
81,14950,0,1,0,73,193,1
83,2698,0,0,0,97,199,1
12,0,0,0,0,37,138,1
2,0,1,0,0,20,90,1
6,0,1,0,0,28,112,1
48,7093,0,0,0,83,184,1
7,0,1,0,0,25,114,1
41,10627,1,0,1,74,176,1
66,30612,1,0,0,89,198,1
5,0,0,1,0,31,113,1
31,761,1,0,0,78,188,1
2,0,0,1,0,21,95,1
34,27946,1,0,0,79,180,1
58,94,1,0,0,66,187,1
26,6765,1,0,0,83,189,1
4,0,1,0,0,27,112,1
52,35055,1,0,1,91,196,1
28,26997,0,0,1,74,190,1
24,1885,1,0,1,96,197,1
91,20517,0,0,0,81,187,1
97,31052,0,0,0,77,199,1
46,37730,1,0,0,91,196,1
51,3379,1,0,0,90,196,1
80,14483,0,0,0,71,179,1
83,19336,0,1,0,74,199,1
30,7775,0,1,1,70,184,1
54,141,1,0,1,66,188,1
49,10745,0,0,1,72,177,1
93,18912,0,1,0,72,179,1
77,22007,0,1,0,72,185,1
19,7849,0,0,1,74,180,1
40,25152,1,0,0,72,180,1
65,33831,1,0,0,71,176,1
50,1694,0,0,1,70,188,1
46,5408,0,0,0,70,185,1
90,39205,0,1,0,81,195,1
0,0,1,0,0,14,75,1
19,20853,0,0,0,90,193,1
14,0,0,1,0,38,134,1
78,22549,0,1,0,62,175,1
46,26072,0,1,1,71,192,1
467,31896,1,0,0,87,192,0
8,0,0,0,0,32,124,1
65,15365,1,0,0,81,199,1
8,0,0,0,0,33,127,1
5,0,1,0,0,24,102,1
71,7916,1,0,1,78,186,1
20,39174,1,0,0,80,186,1
94,26468,1,0,1,79,187,1
60,38466,0,0,0,88,199,1
463,26686,1,0,1,79,180,0
8,0,1,0,0,39,131,1
12,0,1,0,0,40,143,1
29,8792,1,0,0,63,181,1
60,17415,0,0,0,63,180,1
56,28572,0,1,1,84,190,1
0,0,1,0,0,15,79,1
2,0,0,1,0,21,94,1
17,14992,1,0,1,58,163,1
33,17631,0,1,1,87,199,1
48,4058,0,1,0,75,192,1
55,33840,1,0,1,78,188,1
87,26394,0,1,1,81,192,1
13,0,0,1,0,41,133,1
46,28739,0,0,0,73,192,1
35,35523,0,0,0,62,180,1
75,14690,1,0,1,84,194,1
3,0,1,0,0,24,98,1
39,34863,0,1,1,75,178,1
92,4339,1,0,0,86,188,1
67,25123,1,0,1,78,187,1
27,28399,1,0,0,90,192,1
9,0,0,1,0,38,131,1
90,14057,0,1,0,89,190,1
46,35053,1,0,0,89,197,1
60,25814,1,0,0,59,175,1
63,18326,0,0,1,92,195,1
2,0,1,0,0,19,88,1
87,39008,0,0,0,68,190,1
1,0,0,1,0,7,56,1
90,17181,1,0,1,73,180,1
35,17764,0,1,0,73,185,1
17,32794,1,0,1,62,170,1
21,35393,0,1,1,70,186,1
25,28828,1,0,1,66,181,1
20,14603,1,0,0,61,180,1
32,1448,0,1,0,85,191,1
49,10119,0,1,0,92,198,1
86,21472,0,1,0,77,187,1
76,12331,1,0,0,85,185,1
7,0,1,0,0,21,105,1
66,21758,1,0,1,61,181,1
15,0,1,0,0,58,172,1
0,0,0,0,0,14,79,1
66,14545,1,0,0,82,187,1
11,0,0,0,0,39,132,1
226,28364,1,0,1,80,185,0
44,421,0,1,0,68,184,1
94,33774,0,0,1,84,189,1
6,0,1,0,0,30,119,1
10,0,0,1,0,46,139,1
78,30786,1,0,1,87,195,1
51,37439,1,0,1,82,198,1
53,24675,0,1,0,86,190,1
87,9172,1,0,1,60,177,1
63,6743,0,0,0,95,198,1
49,20378,1,0,1,76,188,1
82,23645,0,0,0,76,179,1
34,37027,0,0,0,68,188,1
76,25344,0,1,0,74,195,1
44,36785,1,0,1,62,176,1
20,8222,1,0,0,76,179,1
5,0,1,0,0,26,117,1
65,20795,1,0,0,91,192,1
2,0,1,0,0,15,87,1
100,3639,0,0,0,80,192,1
95,2802,0,0,1,72,179,1
22,1375,0,1,0,91,191,1
48,21815,1,0,1,73,186,1
65,1686,0,0,0,84,195,1
89,27808,1,0,0,76,182,1
74,32133,0,1,1,88,191,1
74,32420,1,0,0,96,197,1
98,32029,0,0,1,71,186,1
4,0,1,0,0,32,114,1
16,25972,1,0,1,59,164,1
81,7236,1,0,1,62,177,1
445,14958,0,1,1,62,181,0
13,0,1,0,0,43,137,1
27,6196,1,0,1,75,176,1
77,15491,1,0,0,73,175,1
29,21826,1,0,0,63,184,1
78,12191,0,1,1,76,185,1
96,9405,1,0,1,97,197,1
94,23980,1,0,1,74,180,1
53,3210,1,0,1,78,185,1
93,24938,1,0,1,74,183,1
76,37904,1,0,0,64,181,1
8,0,1,0,0,36,121,1
25,14091,1,0,0,70,179,1
28,14611,0,1,0,71,192,1
2,0,0,1,0,16,85,1
17,14819,0,1,1,65,173,1
52,3537,1,0,1,71,181,1
30,13547,0,0,1,81,184,1
33,24410,0,1,0,83,198,1
48,37465,0,0,1,78,177,1
41,15172,0,0,1,67,175,1
28,33576,0,0,0,78,194,1
97,9529,0,0,1,82,197,1
72,1088,0,0,1,95,195,1
27,17789,1,0,0,80,180,1
66,2152,1,0,1,77,194,1
25,33341,0,0,0,78,197,1
79,26238,1,0,0,77,190,1
62,24925,0,1,1,76,189,1
24,4210,1,0,0,85,195,1
241,27922,0,1,0,93,193,0
314,0,0,1,0,36,138,0
74,34590,1,0,1,70,177,1
95,25326,0,1,1,84,192,1
73,4788,0,0,0,67,185,1
87,22876,0,0,0,73,194,1
99,10417,0,0,0,57,175,1
45,24713,0,0,1,72,189,1
16,2754,1,0,0,73,174,1
100,18346,0,0,1,91,197,1
14,0,1,0,0,38,132,1
15,0,0,1,0,65,170,1
54,5211,0,1,0,84,191,1
5,0,0,1,0,28,119,1
1,0,1,0,0,6,52,1
24,27209,1,0,0,80,181,1
16,36428,0,0,1,61,170,1
29,35629,0,1,0,93,197,1
70,26825,1,0,1,67,187,1
32,28931,1,0,0,66,183,1
74,1080,0,0,1,76,194,1
86,5745,0,0,1,79,190,1
89,21085,0,0,0,86,188,1
85,35944,1,0,0,80,197,1
41,24897,1,0,1,70,182,1
84,31379,0,1,1,92,196,1
70,19702,1,0,1,74,187,1
38,18148,0,0,1,81,189,1
90,8785,0,1,0,69,179,1
32,26240,0,0,1,84,193,1
52,14263,0,0,0,65,179,1
39,33572,1,0,1,81,181,1
7,0,1,0,0,26,107,1
41,6563,1,0,0,82,197,1
18,33907,1,0,0,70,184,1
62,26152,0,0,1,92,195,1
8,0,1,0,0,37,124,1
10,0,1,0,0,46,144,1
51,3965,1,0,0,75,188,1
50,19055,1,0,1,79,194,1
40,14619,0,0,0,66,177,1
13,0,1,0,0,42,139,1
77,24756,1,0,0,86,195,1
87,7228,1,0,1,76,188,1
5,0,1,0,0,24,109,1
18,1043,1,0,0,77,185,1
77,35225,0,1,1,83,191,1
47,6092,0,1,0,82,182,1
0,0,0,0,0,16,80,1
64,32916,0,0,1,88,192,1
85,32956,0,0,0,89,192,1
54,624,1,0,0,77,185,1
10,0,1,0,0,44,140,1
43,29500,1,0,1,66,181,1
60,7783,1,0,1,68,175,1
41,10977,0,1,1,78,178,1
8,0,1,0,0,28,120,1
29,11975,0,1,1,70,178,1
36,35090,1,0,0,63,180,1
85,8415,1,0,1,71,194,1
85,14986,0,1,0,74,188,1
96,30445,0,0,0,93,198,1
3,0,1,0,0,18,94,1
85,30267,0,1,1,92,195,1
18,14780,1,0,1,75,185,1
11,0,0,1,0,35,132,1
91,23824,0,0,1,90,199,1
39,8015,1,0,0,61,180,1
24,39423,0,1,1,72,197,1
30,15698,1,0,0,62,178,1
53,8784,1,0,1,81,192,1
43,27433,0,1,1,83,184,1
5,0,0,1,0,25,105,1
91,15992,1,0,1,73,176,1
42,23646,1,0,1,72,178,1
69,24913,1,0,0,84,195,1
13,0,1,0,0,42,144,1
7,0,1,0,0,22,100,1
58,28570,1,0,0,60,180,1
92,19049,0,1,0,71,182,1
54,30684,0,0,1,73,191,1
48,8968,0,0,1,60,176,1
13,0,1,0,0,39,137,1
71,19222,1,0,1,64,178,1
59,19667,0,1,1,78,198,1
27,38404,1,0,0,92,193,1
29,22940,1,0,0,87,189,1
71,9716,1,0,0,62,179,1
71,20499,1,0,1,70,178,1
35,31699,1,0,0,73,198,1
38,10251,1,0,0,66,181,1
68,11874,1,0,1,77,199,1
14,0,1,0,0,39,141,1
29,18867,0,0,0,71,182,1
318,32779,1,0,1,69,187,0
22,29658,1,0,0,66,187,1
5,0,0,1,0,21,103,1
0,0,1,0,0,9,61,1
91,29742,0,1,0,67,176,1
34,17823,0,1,1,92,198,1
76,15323,0,1,0,79,198,1
34,16950,1,0,0,82,191,1
67,16875,1,0,1,94,195,1
73,19099,0,1,0,90,199,1
28,18937,1,0,0,75,195,1
26,4922,0,1,1,65,187,1
45,32658,1,0,1,86,197,1
48,28493,0,0,0,72,179,1
86,31572,1,0,1,81,189,1
85,34559,0,1,0,68,178,1
7,0,0,0,0,29,112,1
0,0,1,0,0,9,62,1
38,19998,1,0,0,77,177,1
96,31822,0,1,1,78,196,1
1,0,0,0,0,10,68,1
54,15428,0,1,1,83,199,1
30,28481,1,0,0,89,194,1
57,1724,0,0,0,67,190,1
54,39512,0,1,0,81,186,1
56,752,1,0,0,66,178,1
76,2629,0,1,1,81,181,1
66,36146,0,1,1,70,186,1
68,35777,0,0,1,90,197,1
15,0,1,0,0,73,172,1
31,25093,0,0,0,90,198,1
69,23240,1,0,0,77,183,1
16,27805,0,0,1,62,173,1
29,18729,1,0,0,80,192,1
59,2861,1,0,1,58,177,1
68,38443,1,0,0,83,188,1
62,14917,0,1,1,76,179,1
72,31491,0,1,1,73,179,1
65,25412,0,1,0,91,193,1
82,13645,1,0,1,81,188,1
97,1011,1,0,1,59,175,1
34,19213,0,1,1,71,190,1
93,2491,0,0,1,66,180,1
88,31341,0,0,1,68,191,1
95,11561,0,0,0,78,199,1
64,19615,0,0,1,79,184,1
43,37879,0,1,1,76,195,1
7,0,0,0,0,27,119,1
32,1348,1,0,1,73,182,1
83,7178,0,1,0,59,176,1
96,26559,1,0,1,64,184,1
49,24047,1,0,1,91,193,1
98,5366,1,0,1,79,185,1
35,11121,1,0,1,73,198,1
11,0,0,0,0,36,137,1
44,16964,0,1,1,81,196,1
24,38526,1,0,1,91,197,1
42,7406,0,1,1,78,183,1
96,24553,0,0,1,73,192,1
4,0,0,0,0,25,111,1
29,29262,1,0,1,79,178,1
70,17581,0,1,0,65,186,1
21,15921,0,1,1,78,196,1
68,9335,0,1,1,60,176,1
71,11704,0,1,1,80,187,1
14,0,0,1,0,44,144,1
19,27032,0,1,0,90,197,1
6,0,0,1,0,27,106,1
76,4571,1,0,1,85,195,1
83,14666,0,1,0,78,189,1
52,32148,1,0,1,66,180,1
55,9122,1,0,0,89,199,1
37,37365,0,0,0,66,176,1
40,34986,1,0,1,83,188,1
37,38745,0,1,1,63,175,1
44,35740,0,1,1,65,180,1
3,0,0,0,0,17,94,1
65,6493,0,0,1,76,183,1
93,893,0,0,0,59,178,1
60,9930,0,0,1,70,177,1
85,36361,0,0,0,82,182,1
93,6474,0,1,0,71,183,1
53,28535,0,1,1,65,181,1
19,11818,1,0,1,66,182,1
11,0,0,0,0,41,132,1
47,6930,1,0,0,81,181,1
23,12272,1,0,0,80,184,1
49,21845,0,0,0,68,188,1
3,0,0,0,0,18,85,1
35,11827,0,0,0,89,190,1
55,3545,0,0,1,81,199,1
47,8899,1,0,0,73,190,1
48,22613,0,0,0,71,180,1
31,25896,1,0,0,72,180,1
98,26754,0,1,0,80,199,1
38,11837,1,0,0,60,178,1
71,26246,0,0,1,65,177,1
3,0,0,0,0,19,90,1
9,0,0,0,0,34,124,1
69,33321,1,0,0,68,176,1
41,5149,0,0,1,78,199,1
100,31286,0,0,0,86,195,1
55,6954,0,0,0,81,198,1
71,6099,0,0,1,76,184,1
76,30648,1,0,1,84,184,1
72,8191,1,0,0,68,185,1
63,28677,1,0,0,81,186,1
10,0,0,0,0,34,132,1
29,37160,0,0,1,63,177,1
30,779,0,1,0,70,177,1
21,21820,1,0,0,69,188,1
77,23455,0,0,0,73,185,1
80,22459,1,0,0,72,184,1
22,13392,1,0,1,82,197,1
16,1279,1,0,0,58,164,1
30,20934,1,0,0,82,187,1
51,34083,1,0,1,78,182,1
8,0,1,0,0,36,130,1
5,0,1,0,0,21,100,1
19,3852,1,0,0,97,197,1
2,0,0,0,0,23,99,1
87,31984,1,0,1,89,196,1
24,2543,0,0,0,81,190,1
48,31059,1,0,0,63,181,1
97,24581,0,0,1,70,176,1
68,10360,0,1,0,80,195,1
49,6031,1,0,0,79,184,1
18,27554,1,0,1,88,193,1
77,14945,0,1,0,69,189,1
17,28533,0,0,0,66,171,1
37,23419,1,0,1,79,195,1
52,19560,1,0,0,80,194,1
8,0,1,0,0,34,130,1
81,12597,1,0,0,84,195,1
71,32246,0,0,0,72,182,1
45,39412,0,0,1,74,177,1
14,0,1,0,0,43,139,1
17,12061,0,0,1,63,169,1
96,33015,1,0,0,87,199,1
92,32861,1,0,1,73,177,1
47,38990,0,0,1,66,179,1
92,21756,1,0,1,79,188,1
79,734,1,0,0,69,192,1
1,0,0,1,0,7,57,1
28,9453,1,0,1,64,179,1
0,0,1,0,0,8,57,1
56,24996,0,0,1,70,180,1
42,32382,1,0,0,82,194,1
33,9222,1,0,0,68,180,1
52,37102,1,0,0,71,184,1
50,909,1,0,0,69,179,1
48,6540,0,1,0,61,180,1
36,4999,0,1,1,74,183,1
38,1374,1,0,1,71,195,1
52,22490,0,1,0,62,180,1
86,13997,1,0,0,78,182,1
77,39890,0,0,1,96,199,1
23,14396,0,1,1,86,193,1
71,17717,0,1,0,83,197,1
78,24911,1,0,0,76,198,1
19,8659,1,0,1,73,195,1
25,301,1,0,0,70,184,1
7,0,0,0,0,28,117,1
3,0,1,0,0,16,85,1
26,29925,0,0,0,81,185,1
14,0,1,0,0,40,135,1
56,25124,0,1,1,90,199,1
71,25184,0,1,1,65,186,1
82,29566,0,1,0,89,197,1
68,32135,0,1,0,60,176,1
11,0,1,0,0,37,132,1
36,11887,1,0,0,70,193,1
68,29839,1,0,1,69,176,1
54,39397,1,0,0,77,192,1
73,14895,0,1,0,81,189,1
221,8003,0,0,0,56,169,0
79,5275,0,0,0,79,183,1
32,10919,1,0,0,76,186,1
14,0,1,0,0,47,143,1
70,10755,1,0,0,69,178,1
70,28169,1,0,1,71,182,1
2,0,0,0,0,14,86,1
84,25842,1,0,0,63,177,1
14,0,0,0,0,42,136,1
42,16969,1,0,0,73,184,1
10,0,0,1,0,37,138,1
79,5709,0,1,1,83,184,1
16,27573,1,0,1,69,170,1
28,9281,0,1,0,72,189,1
100,12824,1,0,0,71,182,1
5,0,0,0,0,23,103,1
91,13500,0,0,0,74,192,1
87,29672,1,0,0,73,191,1
51,14448,1,0,0,70,186,1
20,19082,0,1,1,75,178,1
56,26880,0,1,0,73,183,1
90,31736,1,0,0,74,199,1
24,30417,1,0,1,73,182,1
31,21672,1,0,1,60,175,1
58,29541,0,1,0,66,181,1
64,27967,1,0,1,86,192,1
84,12546,1,0,1,75,190,1
55,26509,1,0,1,77,190,1
54,2684,1,0,1,74,175,1
63,33516,0,0,1,72,177,1
60,11004,1,0,0,67,180,1
66,26130,0,1,1,77,183,1
63,981,1,0,1,63,176,1
1,0,0,0,0,7,54,1
38,35429,0,1,1,87,193,1
91,1896,1,0,0,84,191,1
26,33156,0,0,0,73,187,1
23,16425,0,1,1,70,193,1
96,35284,0,0,0,71,178,1
2,0,0,1,0,17,86,1
82,37514,1,0,0,60,176,1
97,18314,0,1,1,74,192,1
76,10339,0,0,1,68,185,1
8,0,0,1,0,31,124,1
72,37127,1,0,1,83,187,1
38,33541,1,0,1,75,186,1
64,15294,1,0,0,72,182,1
13,0,1,0,0,37,137,1
81,37974,0,0,0,66,182,1
25,24786,1,0,0,72,191,1
82,37470,0,1,1,71,180,1
89,994,0,1,1,66,177,1
0,0,0,1,0,12,76,1
12,0,0,1,0,36,134,1
73,39313,0,1,1,88,199,1
48,22419,0,1,1,72,193,1
34,17088,1,0,1,97,197,1
90,7772,1,0,1,81,186,1
2,0,0,1,0,17,91,1
32,24136,0,1,1,60,175,1
86,11517,1,0,1,75,177,1
74,19023,1,0,1,78,196,1
40,5783,1,0,0,88,199,1
17,2552,0,1,0,68,169,1
18,23486,1,0,1,65,181,1
16,32632,0,0,1,58,167,1
64,22497,0,0,1,67,184,1
30,16316,1,0,1,79,199,1
49,28741,1,0,1,81,191,1
28,33495,1,0,1,93,198,1
66,36797,0,0,0,66,187,1
92,21926,1,0,1,70,188,1
12,0,1,0,0,45,143,1
43,38271,0,0,1,73,175,1
1,0,1,0,0,13,78,1
25,10494,1,0,1,81,182,1
0,0,1,0,0,7,57,1
55,5288,0,0,1,70,175,1
7,0,1,0,0,29,116,1
61,34857,1,0,0,71,192,1
35,36523,0,0,0,78,188,1
72,37650,0,0,0,87,198,1
63,1160,1,0,0,71,183,1
92,23556,1,0,0,87,198,1
41,30491,0,0,0,82,199,1
92,4414,0,1,1,70,188,1
67,13092,0,0,1,63,175,1
54,19468,1,0,1,72,182,1
96,30180,0,1,0,78,197,1
93,10145,0,0,1,73,177,1
3,0,0,1,0,15,85,1
55,17392,0,0,0,89,198,1
79,27101,0,0,1,93,197,1
410,13128,0,1,1,69,193,0
58,22539,0,1,0,74,178,1
54,6120,1,0,0,61,175,1
4,0,1,0,0,27,107,1
2,0,1,0,0,16,89,1
28,26712,1,0,1,78,192,1
94,9138,1,0,0,85,199,1
92,16655,0,0,0,73,183,1
80,20738,0,1,0,68,180,1
53,25574,0,0,0,74,196,1
2,0,0,0,0,18,95,1
3,0,0,1,0,21,93,1
83,12107,0,1,1,85,192,1
11,0,0,0,0,41,137,1
20,9199,1,0,0,88,199,1
23,13256,1,0,0,76,198,1
53,33705,0,1,0,75,188,1
28,20079,1,0,0,67,184,1
70,37898,1,0,0,78,198,1
21,38714,0,1,1,83,197,1
75,12725,0,0,0,66,178,1
59,2938,0,0,0,72,196,1
93,29999,1,0,1,66,177,1
41,9298,0,0,1,82,199,1
64,12598,1,0,1,81,187,1
11,0,1,0,0,42,133,1
6,0,0,0,0,26,113,1
6,0,1,0,0,25,102,1
16,28423,0,0,1,67,165,1
91,12485,0,1,1,73,175,1
49,32867,0,0,0,79,180,1
88,33798,0,0,0,80,184,1
24,12938,0,1,0,63,180,1
27,12760,1,0,1,79,196,1
12,0,0,0,0,33,132,1
13,0,1,0,0,45,138,1
46,19550,0,1,0,86,192,1
97,9545,1,0,1,84,195,1
17,25643,0,0,1,71,172,1
38,8543,1,0,0,83,192,1
41,21277,0,1,0,96,197,1
41,2959,0,1,1,68,187,1
70,24596,0,1,1,74,188,1
0,0,1,0,0,6,53,1
38,17461,1,0,0,82,188,1
93,27097,0,1,0,89,199,1
49,12090,1,0,0,85,187,1
32,815,0,1,0,79,195,1
64,22114,0,0,0,70,192,1
24,13516,1,0,1,66,176,1
47,21434,0,0,0,66,177,1
73,33835,0,0,0,82,184,1
100,19,0,0,1,69,185,1
69,15802,1,0,1,78,196,1
51,9836,0,0,0,80,184,1
9,0,0,1,0,33,131,1
86,15992,0,1,1,75,191,1
73,10301,0,1,1,81,182,1
83,19235,0,1,0,84,190,1
96,39224,1,0,0,80,182,1
15,0,0,1,0,56,170,1
84,32967,1,0,0,68,186,1
3,0,0,0,0,19,91,1
99,10799,0,1,0,92,198,1
71,31194,1,0,0,78,199,1
100,18740,0,1,0,88,196,1
19,23140,1,0,0,76,176,1
49,34342,0,0,1,88,197,1
55,14460,0,1,1,78,184,1
268,30173,0,0,1,82,198,0
42,25638,0,1,0,76,175,1
37,28912,1,0,0,95,198,1
39,2709,1,0,0,78,179,1
51,21847,1,0,0,81,192,1
71,17315,0,1,1,77,188,1
57,3893,1,0,1,86,189,1
13,0,0,1,0,34,132,1
79,3341,1,0,1,89,195,1
22,9892,0,1,0,73,192,1
14,0,1,0,0,40,133,1
57,313,0,1,0,84,194,1
29,28336,0,1,0,73,190,1
18,27183,1,0,1,68,183,1
95,39977,0,0,0,80,194,1
70,39695,0,1,0,75,196,1
70,11969,1,0,1,83,195,1
6,0,0,0,0,26,111,1
100,2465,0,0,0,95,196,1
21,11179,1,0,0,79,190,1
95,16604,1,0,1,62,176,1
87,29910,1,0,0,79,183,1
18,18252,1,0,0,80,183,1
77,21173,1,0,1,66,184,1
45,29684,0,1,1,74,199,1
45,9193,0,0,0,78,178,1
67,28336,0,1,1,78,189,1
23,6098,0,1,1,78,189,1
30,14616,0,1,0,91,193,1
2,0,1,0,0,20,98,1
25,33816,0,0,0,82,184,1
5,0,0,1,0,22,109,1
90,36693,0,0,1,65,177,1
49,35834,1,0,1,79,187,1
23,19884,1,0,0,80,192,1
46,35323,0,0,1,82,187,1
19,27203,0,0,1,75,199,1
27,25721,1,0,0,85,196,1
30,4595,0,1,1,81,192,1
1,0,1,0,0,8,59,1
59,5958,0,0,0,77,193,1
70,35095,1,0,1,67,180,1
85,2116,1,0,1,58,177,1
9,0,0,0,0,34,126,1
94,889,0,1,1,78,185,1
73,26473,0,1,0,75,182,1
57,12680,1,0,0,70,177,1
51,28200,0,1,1,66,179,1
51,35534,0,0,1,96,196,1
46,25750,1,0,1,98,198,1
88,30074,0,0,0,62,183,1
77,12764,1,0,1,80,196,1
8,0,1,0,0,35,127,1
19,35587,0,0,1,75,193,1
65,35338,1,0,1,93,193,1
67,20666,0,1,1,81,183,1
44,23899,0,0,1,79,187,1
14,0,1,0,0,42,134,1
54,31755,0,0,0,74,198,1
93,5173,1,0,0,80,188,1
93,27602,1,0,1,93,199,1
55,22775,0,1,1,73,188,1
86,35177,0,0,1,65,180,1
97,3111,1,0,0,84,197,1
10,0,0,0,0,43,140,1
27,31210,1,0,1,92,199,1
63,6154,1,0,0,62,178,1
90,29182,1,0,0,66,175,1
38,24218,0,1,1,92,192,1
56,27144,0,0,1,59,176,1
39,13946,1,0,1,87,195,1
88,23240,0,0,1,75,177,1
66,24977,0,1,0,69,177,1
64,1331,1,0,1,77,192,1
14,0,0,0,0,40,141,1
74,21168,0,1,1,81,189,1
3,0,0,1,0,22,96,1
58,13308,1,0,1,76,188,1
66,17650,0,1,1,78,184,1
66,22048,0,1,1,66,176,1
52,35336,0,0,1,76,193,1
43,39113,0,1,0,79,199,1
24,20526,1,0,0,85,196,1
58,17190,1,0,0,63,183,1
76,39866,1,0,1,84,187,1
36,31142,0,1,1,78,190,1
78,2372,1,0,1,64,184,1
18,15041,1,0,1,84,199,1
37,8024,0,1,1,70,185,1
48,14754,1,0,0,74,177,1
27,14541,0,1,0,64,185,1
91,5884,0,0,1,70,185,1
34,20210,1,0,0,73,194,1
40,8802,0,1,0,79,188,1
19,38099,1,0,1,81,184,1
21,17856,1,0,0,81,194,1
33,5919,1,0,1,90,197,1
45,38590,1,0,0,82,187,1
48,36109,1,0,1,85,188,1
51,70,1,0,1,62,181,1
58,19210,1,0,1,66,184,1
43,17455,1,0,1,59,177,1
39,7957,1,0,0,93,197,1
36,22582,0,1,1,62,178,1
52,16409,1,0,1,84,199,1
51,34448,1,0,1,85,196,1
1,0,1,0,0,10,66,1
64,37208,1,0,0,85,194,1
51,15947,1,0,0,69,189,1
32,5379,0,0,1,68,188,1
80,21924,1,0,1,68,177,1
54,21101,0,1,1,76,178,1
85,29524,1,0,1,95,197,1
17,33899,0,0,1,53,165,1
76,16108,1,0,1,78,182,1
87,5381,1,0,1,83,191,1
29,20671,1,0,1,94,196,1
47,29997,0,0,1,66,175,1
53,9812,1,0,1,93,195,1
67,7102,1,0,1,81,195,1
12,0,1,0,0,40,142,1
28,39926,1,0,1,93,194,1
40,21924,1,0,1,75,177,1
49,8422,0,0,1,73,198,1
67,23282,0,1,0,97,198,1
6,0,0,0,0,26,105,1
30,19404,0,0,1,65,176,1
71,26673,1,0,1,91,193,1
2,0,1,0,0,18,85,1
92,5814,1,0,1,80,179,1
14,0,0,1,0,48,141,1
0,0,1,0,0,9,67,1
22,2123,1,0,1,81,190,1
49,34504,1,0,1,94,199,1
47,26724,0,0,1,62,178,1
54,24301,0,1,0,77,179,1
73,17553,1,0,0,75,198,1
58,37420,0,0,0,79,193,1
51,31781,0,1,0,76,197,1
40,16481,0,1,1,85,187,1
15,0,1,0,0,71,173,1
87,18134,0,1,0,68,187,1
100,3001,0,0,0,87,199,1
90,22882,1,0,0,65,175,1
55,28993,1,0,0,68,191,1
76,15705,1,0,1,62,182,1
26,31086,0,1,1,92,199,1
62,9800,0,0,0,69,185,1
36,28443,0,1,1,74,183,1
72,36537,1,0,1,81,185,1
23,38067,1,0,1,66,181,1
4,0,1,0,0,29,112,1
55,11784,1,0,1,72,187,1
21,7477,0,1,0,64,181,1
80,25224,0,0,1,88,194,1
27,19059,0,0,0,76,190,1
68,9804,0,0,1,83,190,1
74,3908,1,0,1,85,185,1
9,0,1,0,0,37,123,1
68,2335,0,1,0,87,196,1
86,35648,1,0,1,72,179,1
14,0,0,0,0,38,133,1
54,7163,1,0,0,75,189,1
94,16321,0,1,1,73,178,1
56,36747,1,0,1,77,187,1
72,29857,0,1,0,75,180,1
61,7781,1,0,0,73,195,1
10,0,1,0,0,50,142,1
53,28200,0,0,0,72,191,1
19,16922,0,0,0,81,192,1
19,5269,1,0,1,80,183,1
34,25040,1,0,1,85,185,1
18,25725,1,0,1,76,178,1
82,8538,0,0,0,78,187,1
16,22069,1,0,0,67,166,1
75,3745,0,1,1,79,193,1
59,23963,0,1,0,83,196,1
58,38232,0,1,0,62,179,1
69,10021,1,0,1,78,180,1
46,9082,0,0,1,71,188,1
88,34798,1,0,0,92,196,1
77,5896,0,0,0,76,194,1
25,28640,1,0,1,71,176,1
47,27014,0,0,1,93,195,1
79,10538,0,1,0,74,178,1
60,110,1,0,1,76,189,1
59,15298,0,0,0,86,187,1
18,39635,0,1,0,68,180,1
91,10745,1,0,0,74,197,1
80,26614,0,0,0,68,191,1
23,8124,0,1,1,83,188,1
48,11347,0,0,1,78,185,1
43,18269,0,1,0,93,195,1
37,26404,1,0,0,77,199,1
18,37168,1,0,0,77,189,1
57,20122,1,0,0,74,175,1
15,0,1,0,0,69,168,1
52,3327,0,1,1,68,185,1
69,39387,1,0,1,76,179,1
17,24843,1,0,1,67,164,1
95,11584,0,0,1,79,196,1
59,6953,1,0,0,65,183,1
20,586,1,0,1,72,194,1
10,0,0,0,0,41,139,1
15,0,1,0,0,69,169,1
2,0,0,0,0,18,92,1
5,0,1,0,0,25,109,1
28,26280,1,0,1,82,199,1
79,32582,0,0,0,88,189,1
4,0,1,0,0,22,100,1
34,35372,0,0,1,76,176,1
30,30384,0,1,0,82,199,1
43,38580,1,0,0,94,198,1
6,0,1,0,0,25,110,1
29,21496,1,0,0,68,177,1
12,0,0,1,0,43,135,1
25,7326,0,1,1,71,192,1
96,13593,1,0,1,78,184,1
71,21858,0,1,1,67,180,1
56,8058,0,0,0,84,196,1
62,34145,1,0,1,85,192,1
43,929,1,0,1,74,185,1
12,0,0,1,0,41,141,1
18,25557,0,0,1,71,176,1
9,0,0,0,0,36,126,1
12,0,1,0,0,36,133,1
13,0,0,0,0,46,141,1
33,28634,1,0,0,91,194,1
40,2129,1,0,1,90,191,1
61,25088,0,0,1,80,186,1
83,33424,1,0,1,86,190,1
39,21155,1,0,1,69,191,1
57,13844,0,0,0,70,182,1
62,30946,1,0,1,88,191,1
1,0,0,1,0,14,80,1
94,2479,1,0,0,81,197,1
33,3562,0,0,1,58,175,1
39,12366,1,0,1,80,184,1
46,19671,0,1,0,63,177,1
75,29101,1,0,1,69,192,1
99,35362,1,0,0,80,181,1
84,35483,0,0,0,69,188,1
51,15219,0,1,0,62,179,1
66,34202,1,0,1,81,193,1
84,19634,1,0,1,72,175,1
30,6952,0,1,1,92,196,1
81,39536,0,0,0,59,178,1
6,0,0,0,0,25,101,1
28,28556,0,1,1,75,197,1
87,39723,0,1,1,90,196,1
83,2192,1,0,1,79,184,1
74,34009,1,0,0,69,193,1
15,0,0,0,0,65,167,1
83,23798,1,0,0,79,189,1
39,34706,1,0,0,94,197,1
46,32089,0,0,1,61,181,1
71,16330,1,0,1,86,191,1
71,26684,0,0,0,63,178,1
78,16717,1,0,0,67,181,1
79,21466,0,0,0,72,194,1
69,21411,0,0,0,75,176,1
29,19691,1,0,0,64,181,1
72,2723,1,0,0,75,197,1
65,30216,1,0,1,58,176,1
47,23681,1,0,0,77,184,1
0,0,0,0,0,7,54,1
88,35608,1,0,1,85,189,1
75,38942,0,1,1,67,176,1
38,9838,1,0,0,79,193,1
0,0,0,0,0,12,71,1
72,17860,0,1,0,65,185,1
53,15191,1,0,1,74,181,1
27,17023,1,0,1,83,189,1
50,39304,1,0,0,76,181,1
78,25281,1,0,1,72,193,1
10,0,1,0,0,35,133,1
44,1698,0,0,1,89,191,1
0,0,0,1,0,13,78,1
88,17767,1,0,0,60,175,1
14,0,0,1,0,38,143,1
16,23969,0,1,1,57,168,1
15,0,0,1,0,69,171,1
21,14335,1,0,0,74,182,1
3,0,0,0,0,17,91,1
75,1117,1,0,1,82,194,1
11,0,1,0,0,42,144,1
36,13684,1,0,0,84,184,1
38,11767,0,1,0,67,176,1
39,9983,0,0,1,73,180,1
81,36595,1,0,0,69,185,1
7,0,0,1,0,28,109,1
18,15625,0,1,1,80,195,1
87,21509,0,1,0,78,185,1
36,39109,0,0,0,78,199,1
94,9645,1,0,0,74,186,1
14,0,1,0,0,51,144,1
8,0,0,1,0,39,129,1
11,0,1,0,0,50,143,1
47,8837,0,0,1,78,194,1
93,8725,0,0,1,69,189,1
64,3176,1,0,1,90,198,1
47,15412,1,0,0,86,190,1
61,20139,0,0,1,65,184,1
5,0,0,0,0,27,117,1
20,5107,0,1,1,90,195,1
35,16604,1,0,0,79,197,1
7,0,0,1,0,29,112,1
24,14070,0,0,0,77,187,1
81,18843,1,0,0,59,178,1
11,0,0,1,0,36,137,1
16,16632,1,0,0,54,165,1
28,13977,0,1,0,81,184,1
91,35665,0,0,1,64,182,1
5,0,1,0,0,25,107,1
64,4145,1,0,1,76,196,1
35,34739,0,1,0,71,183,1
66,23181,0,1,1,60,178,1
36,25884,0,0,0,62,177,1
65,32602,1,0,0,87,191,1
59,17985,0,0,0,68,188,1
67,24059,1,0,0,64,183,1
32,28171,1,0,1,88,190,1
12,0,0,0,0,48,140,1
53,35759,0,1,0,61,176,1
95,27261,1,0,1,84,197,1
39,6436,0,1,0,71,182,1
330,25296,0,1,1,69,186,0
51,31836,1,0,0,67,186,1
96,28579,1,0,0,67,186,1
62,11784,0,1,0,65,185,1
79,37097,0,1,0,71,177,1
15,0,1,0,0,68,169,1
95,14896,1,0,1,85,191,1
18,28739,1,0,0,90,192,1
60,36501,0,0,0,63,176,1
46,28279,0,0,1,74,177,1
6,0,0,0,0,24,103,1
11,0,1,0,0,37,138,1
41,31739,1,0,0,73,181,1
21,37771,0,0,1,78,183,1
71,30614,1,0,1,86,199,1
47,3452,0,0,0,76,183,1
62,30923,0,0,0,71,183,1
14,0,1,0,0,40,135,1
38,19586,1,0,1,83,184,1
96,23852,0,1,0,65,177,1
41,38822,1,0,1,72,188,1
100,29049,1,0,1,76,189,1
65,12770,1,0,1,72,186,1
42,9830,1,0,0,73,175,1
33,36276,0,1,1,72,178,1
1,0,0,0,0,9,64,1
98,22314,0,0,1,63,175,1
94,35173,0,0,0,84,197,1
15,0,0,1,0,60,174,1
24,241,1,0,0,81,191,1
7,0,0,1,0,23,109,1
100,32497,1,0,0,70,186,1
11,0,0,1,0,38,136,1
26,30383,1,0,0,65,185,1
9,0,1,0,0,37,130,1
26,6287,0,0,0,58,177,1
252,34213,0,0,0,62,182,0
73,22414,0,0,1,66,183,1
83,2435,0,0,1,75,185,1
81,28902,1,0,0,83,187,1
65,12713,1,0,1,88,194,1
11,0,0,0,0,44,134,1
59,32274,1,0,1,85,191,1
73,6492,1,0,1,90,191,1
47,22994,0,1,1,73,190,1
33,13811,1,0,1,91,199,1
85,30847,0,1,0,75,175,1
24,34559,1,0,0,99,199,1
22,27294,0,0,1,61,180,1
57,13009,0,1,0,63,184,1
69,5181,1,0,1,68,175,1
92,28726,0,0,1,75,178,1
42,39415,1,0,1,71,191,1
49,39566,1,0,0,78,192,1
4,0,0,0,0,26,102,1
56,69,0,1,0,96,197,1
33,26767,1,0,0,80,181,1
35,5727,0,0,0,71,180,1
54,20424,1,0,0,65,180,1
57,2719,0,0,1,74,197,1
32,28457,0,1,1,78,196,1
56,5841,0,0,1,80,184,1
78,36175,1,0,1,67,176,1
10,0,0,1,0,37,141,1
31,30269,0,1,1,69,179,1
97,22447,1,0,1,88,190,1
29,25880,0,1,1,88,189,1
417,24666,1,0,1,84,185,0
69,16410,0,1,1,73,196,1
76,21689,0,1,0,80,190,1
53,20556,0,1,1,70,184,1
69,29763,1,0,1,58,176,1
20,1193,0,1,0,88,198,1
36,36292,0,1,0,94,195,1
19,34041,0,1,0,68,184,1
77,22981,0,0,0,77,193,1
26,10208,0,0,1,72,196,1
0,0,0,0,0,9,69,1
385,0,0,1,0,23,99,0
85,18760,1,0,0,69,188,1
61,29357,1,0,1,83,193,1
66,16327,1,0,0,67,189,1
84,20973,0,0,1,79,190,1
79,27687,0,1,1,70,179,1
91,39776,0,1,1,81,187,1
55,10269,1,0,1,86,195,1
2,0,1,0,0,20,97,1
13,0,1,0,0,39,144,1
48,6471,1,0,1,76,187,1
50,7756,0,0,0,72,179,1
76,37665,0,0,0,68,190,1
1,0,1,0,0,12,74,1
36,14561,1,0,1,65,180,1
69,36088,1,0,1,90,199,1
97,24177,1,0,1,84,198,1
48,27344,0,0,1,77,193,1
58,8054,0,1,1,65,180,1
52,35908,1,0,1,78,195,1
96,36456,1,0,0,66,178,1
28,39564,1,0,0,84,192,1
53,15191,1,0,1,93,197,1
47,39174,0,0,1,74,186,1
100,1253,1,0,1,68,184,1
90,4707,1,0,0,73,197,1
79,7387,0,1,0,83,188,1
75,19526,0,1,0,73,185,1
16,9484,0,1,1,61,170,1
30,21326,0,0,1,86,186,1
17,2394,1,0,1,61,174,1
8,0,0,1,0,29,122,1
91,36582,1,0,0,59,177,1
34,20644,0,1,1,70,175,1
12,0,1,0,0,40,135,1
45,37403,0,0,0,82,183,1
44,12018,0,1,1,75,188,1
74,162,1,0,0,72,189,1
6,0,1,0,0,22,101,1
40,36760,1,0,1,97,198,1
66,26773,0,1,0,69,183,1
51,38216,1,0,0,78,185,1
13,0,1,0,0,46,144,1
4,0,1,0,0,24,109,1
73,36023,1,0,1,75,197,1
80,8812,0,0,1,78,187,1
70,16609,1,0,1,67,181,1
17,33337,1,0,0,69,171,1
45,8093,1,0,1,66,185,1
55,13342,1,0,0,73,180,1
68,18460,1,0,0,82,194,1
12,0,1,0,0,41,135,1
9,0,1,0,0,37,125,1
68,19817,1,0,1,82,195,1
72,25654,0,1,1,74,182,1
37,2262,1,0,1,86,199,1
47,169,1,0,0,64,184,1
7,0,0,1,0,25,113,1
9,0,1,0,0,29,121,1
52,28814,1,0,1,74,180,1
36,27869,1,0,0,76,199,1
38,6265,0,1,0,65,182,1
58,34906,1,0,0,67,179,1
46,2191,0,0,0,93,194,1
97,31670,1,0,1,63,177,1
29,27624,1,0,1,88,194,1
93,38246,0,0,1,66,185,1
33,10910,1,0,0,83,185,1
43,34993,0,1,1,82,196,1
37,33023,0,1,0,93,193,1
14,0,1,0,0,44,140,1
32,34356,0,1,1,67,184,1
63,26629,0,1,1,75,182,1
78,31896,0,0,0,90,192,1
10,0,1,0,0,37,139,1
78,5835,0,1,0,78,198,1
76,6277,0,1,1,78,194,1
76,27242,0,0,0,76,182,1
6,0,1,0,0,34,119,1
82,30491,0,1,0,61,179,1
84,25425,1,0,0,92,193,1
27,13702,1,0,1,72,178,1
36,26645,1,0,1,79,186,1
31,38727,1,0,0,71,175,1
83,15141,1,0,0,59,177,1
287,0,1,0,0,8,65,0
77,11264,1,0,0,66,177,1
98,9234,1,0,1,88,188,1
79,1669,1,0,0,77,178,1
64,32203,0,1,1,71,187,1
61,22218,0,0,1,71,195,1
13,0,0,1,0,38,141,1
59,30533,1,0,0,69,190,1
72,10955,0,1,1,69,188,1
24,14728,1,0,0,79,198,1
10,0,0,1,0,45,139,1
86,3401,0,0,0,90,193,1
66,22832,0,1,1,74,176,1
97,7542,0,1,0,73,183,1
79,29219,0,1,0,83,197,1
74,39199,1,0,1,71,190,1
23,10978,0,1,0,73,181,1
44,6861,0,0,1,86,190,1
70,19802,0,1,1,93,193,1
15,0,1,0,0,60,171,1
44,27650,0,0,0,92,197,1
40,37274,0,1,1,63,178,1
74,560,0,0,0,71,192,1
88,25533,1,0,0,76,194,1
62,5089,1,0,0,90,199,1
92,29861,0,0,0,93,194,1
36,16528,1,0,0,84,184,1
87,27589,1,0,0,85,191,1
60,22154,0,1,1,96,198,1
95,18933,0,0,1,86,195,1
38,33985,0,1,0,80,185,1
21,20783,0,1,0,79,189,1
33,170,1,0,0,67,185,1
25,24658,0,0,0,71,186,1
46,38460,1,0,1,78,197,1
88,10900,1,0,0,69,192,1
54,19508,0,0,0,59,178,1
79,8125,0,1,0,77,198,1
98,6951,1,0,1,87,192,1
38,1385,1,0,1,63,179,1
12,0,1,0,0,40,142,1
25,15933,1,0,1,67,189,1
60,31434,0,0,0,66,175,1
36,33756,0,0,0,67,181,1
46,37923,0,1,0,65,184,1
40,630,1,0,1,68,180,1
71,35775,0,1,1,80,194,1
81,30969,1,0,0,74,185,1
1,0,1,0,0,7,60,1
93,30641,1,0,1,73,181,1
37,31310,1,0,0,98,198,1
17,21165,1,0,1,59,164,1
32,2983,0,0,0,75,175,1
51,7068,1,0,0,81,182,1
88,26412,1,0,0,67,178,1
23,19776,1,0,1,68,189,1
40,14961,1,0,1,73,196,1
13,0,0,1,0,37,133,1
77,15451,1,0,1,78,179,1
96,28552,0,1,0,88,192,1
75,8293,1,0,0,69,180,1
40,28014,0,1,1,82,192,1
21,928,1,0,0,72,188,1
95,17063,0,0,0,62,183,1
29,3298,1,0,0,83,194,1
38,39157,1,0,0,76,189,1
33,14512,1,0,0,78,178,1
83,18438,1,0,1,68,188,1
92,39026,0,0,0,65,186,1
75,28556,1,0,1,63,181,1
58,9579,1,0,0,66,180,1
71,19466,1,0,0,87,189,1
39,22060,1,0,1,87,193,1
95,509,0,0,0,68,190,1
60,18787,0,0,0,67,175,1
79,10351,1,0,1,69,188,1
61,24375,1,0,1,75,181,1
68,2406,0,1,0,96,198,1
39,38536,0,0,1,71,194,1
49,259,1,0,1,79,186,1
55,23838,1,0,1,72,188,1
31,2058,1,0,1,77,197,1
36,32592,1,0,0,64,180,1
37,3502,1,0,1,80,187,1
87,28945,0,1,1,71,195,1
19,25110,1,0,0,80,182,1
49,31090,0,0,0,66,176,1
0,0,0,1,0,12,78,1
79,37645,1,0,0,86,189,1
36,15537,0,0,1,72,184,1
76,24666,1,0,1,65,178,1
27,2097,0,1,1,86,187,1
62,19544,1,0,1,72,178,1
40,5238,1,0,0,68,184,1
95,35197,0,0,0,73,175,1
4,0,1,0,0,27,110,1
81,20235,0,1,1,73,195,1
65,5896,0,1,1,63,184,1
5,0,0,0,0,32,118,1
7,0,0,1,0,26,102,1
88,33172,0,1,0,86,196,1
56,22788,1,0,0,82,184,1
26,24625,0,0,1,86,195,1
74,25204,0,0,1,90,199,1
18,29370,0,1,1,71,189,1
78,29649,1,0,1,71,179,1
33,5756,1,0,0,83,187,1
75,1007,1,0,1,80,188,1
61,24050,1,0,1,84,187,1
87,36806,1,0,1,75,180,1
99,3149,1,0,1,74,199,1
53,21958,0,0,1,66,176,1
69,21395,0,1,1,69,188,1
66,8551,0,0,0,82,188,1
99,23704,0,1,0,77,195,1
65,34518,1,0,0,77,181,1
66,10973,1,0,0,81,186,1
63,35884,0,0,1,78,191,1
77,10321,1,0,0,77,184,1
97,32994,0,0,0,94,194,1
19,8036,0,0,0,68,189,1
74,4906,1,0,0,78,180,1
93,18991,1,0,1,73,195,1
71,29224,0,1,0,62,177,1
13,0,0,1,0,39,138,1
98,5646,0,0,1,92,197,1
26,18046,1,0,1,87,195,1
55,9900,1,0,1,82,197,1
35,34856,0,1,1,70,185,1
50,28982,0,1,0,83,184,1
66,273,0,0,0,67,175,1
43,30076,1,0,1,61,177,1
26,6265,0,1,0,74,195,1
80,16307,1,0,1,81,183,1
10,0,0,1,0,42,135,1
78,6032,0,0,1,89,191,1
78,29987,0,1,1,86,196,1
51,25037,0,1,1,80,183,1
83,12083,1,0,1,80,184,1
81,13625,0,0,0,78,185,1
28,12319,1,0,1,69,178,1
57,34911,1,0,0,80,196,1
90,6987,1,0,0,81,185,1
85,11430,0,0,0,83,192,1
20,38847,1,0,1,66,175,1
78,9763,0,0,0,89,198,1
1,0,0,0,0,12,77,1
37,23893,0,1,1,67,178,1
82,23107,1,0,1,77,187,1
45,3098,0,0,0,75,196,1
10,0,0,0,0,49,144,1
77,28516,0,1,0,78,186,1
32,31441,1,0,0,66,182,1
0,0,1,0,0,11,67,1
54,16184,1,0,0,64,183,1
38,37035,1,0,0,66,180,1
40,1594,0,0,1,72,175,1
72,29229,0,1,0,80,189,1
37,23105,0,1,1,81,187,1
51,22493,1,0,0,72,188,1
3,0,1,0,0,21,96,1
2,0,0,1,0,16,85,1
69,24583,1,0,0,66,176,1
3,0,0,1,0,16,89,1
9,0,1,0,0,27,120,1
25,33232,0,1,1,72,186,1
22,39211,0,0,1,70,182,1
47,753,1,0,1,83,191,1
40,34821,0,0,1,92,193,1
78,39185,0,1,0,93,193,1
17,655,0,0,0,60,174,1
80,30189,1,0,1,70,191,1
62,17133,1,0,1,84,185,1
84,8958,0,1,1,90,193,1
13,0,0,1,0,38,133,1
95,15517,1,0,1,69,181,1
14,0,1,0,0,35,133,1
91,17963,0,0,1,65,187,1
50,37092,0,1,0,68,181,1
44,1466,1,0,1,98,198,1
55,12649,1,0,0,88,199,1
98,27398,0,1,1,66,179,1
93,13543,0,0,1,89,198,1
63,36372,1,0,1,76,178,1
5,0,1,0,0,26,111,1
61,18603,1,0,1,79,179,1
74,34162,0,1,1,86,194,1
40,22938,1,0,0,76,190,1
69,16339,0,1,1,74,191,1
84,26283,1,0,1,91,192,1
93,28391,0,1,1,71,175,1
97,3482,1,0,0,71,184,1
37,25375,0,0,0,78,189,1
74,3206,1,0,0,65,181,1
51,16551,0,0,0,82,195,1
67,21070,0,0,1,81,182,1
95,7884,0,1,1,84,198,1
9,0,0,1,0,32,123,1
29,18869,1,0,1,81,197,1
49,12112,1,0,1,68,180,1
27,37225,0,1,1,72,178,1
18,25498,0,0,1,70,176,1
89,31518,0,0,0,87,194,1
4,0,1,0,0,20,100,1
66,15526,0,0,0,79,194,1
66,26421,0,0,1,67,188,1
55,19925,0,1,1,83,187,1
47,7150,1,0,0,89,194,1
52,7070,1,0,0,75,194,1
62,29617,1,0,0,88,198,1
18,39723,1,0,1,73,178,1
25,16007,1,0,1,63,184,1
46,22037,0,1,0,75,179,1
9,0,1,0,0,33,127,1
36,37850,0,1,0,80,189,1
78,6589,1,0,0,60,176,1
38,12391,1,0,0,77,192,1
100,21549,1,0,0,77,178,1
30,7522,1,0,1,73,178,1
66,19958,1,0,0,81,182,1
86,17614,1,0,1,73,190,1
43,20106,1,0,0,91,195,1
2,0,1,0,0,18,92,1
82,10761,1,0,1,73,178,1
87,9892,0,1,0,81,181,1
85,34169,1,0,1,89,194,1
52,18244,1,0,0,73,178,1
10,0,0,0,0,34,132,1
54,24227,0,1,1,65,184,1
23,23429,0,0,1,68,181,1
13,0,0,0,0,45,138,1
79,35836,0,0,0,66,176,1
8,0,1,0,0,35,120,1
27,25096,0,0,0,62,183,1
87,8096,0,0,0,68,184,1
82,33842,0,1,1,69,186,1
23,24291,0,1,1,67,177,1
13,0,0,0,0,36,133,1
11,0,1,0,0,44,138,1
81,37572,1,0,1,58,176,1
50,23966,0,0,1,63,177,1
