0,1,is_normal
2.962163215346404,8.896071794606854,1
9.111741956829807,2.847399556224058,1
9.29724325474573,2.0583632016899145,1
3.892694982419151,-8.40064129497819,1
-6.304327253261782,7.515531028216806,1
0.774550645672047,9.608710091502573,1
-7.050852074062883,-6.171631835397696,1
3.9966810256874865,-8.294346106779855,1
9.404655777939539,-0.7607710664833505,1
-9.181891089669767,1.2107892322198257,1
-4.30493964851992,-8.305510385444386,1
-8.395731381384904,-3.432665879745956,1
9.047295104836227,3.8102638083217713,1
6.862441116634404,-6.871516807637284,1
-9.457628695933588,-3.2037230096904175,1
3.684778979809696,-8.276048622015956,1
-0.6629844740146265,9.335319705499384,1
8.945732773995427,2.3422377104951373,1
7.104457515149132,6.467474969505318,1
2.4554688786463394,-8.731971675718507,1
-1.4182102650576862,-8.9218216855507,1
-4.7157155285210415,8.010612105113623,1
6.850547060358071,-6.291058537515615,1
0.6382459988547797,9.876950947046527,1
-4.668379082075418,8.159983450740707,1
7.7486383703772255,4.748908700891292,1
5.534679795591742,7.54608836259688,1
4.874047327118756,-8.102520129007292,1
-9.161031171017141,-3.9574840581364885,1
-9.038982360321622,0.6282180677169329,1
9.473330411639044,2.7309333894323586,1
-9.169780685822815,2.7728674479477373,1
-7.469298207598768,6.253174712830003,1
-9.941838791230253,-0.28867999238459774,1
-0.7089123176617385,8.993780424944745,1
-0.7291301362975204,9.115200314092966,1
-9.69520703371473,-0.012875873935456639,1
-1.6228016492166972,-9.4277126813368,1
-1.2294081105465846,-9.278952560133698,1
-1.394243367665787,9.124293303192289,1
8.400254706445278,-3.381164752647816,1
-0.9009755095376821,9.495676918272729,1
5.288939239566602,7.445542825277432,1
2.9778726952758916,-9.071354391983126,1
3.1033552580972597,-8.579698122359414,1
8.286835268427367,4.87357688437681,1
-7.513469452737942,-6.4011586744815085,1
-8.803396917352103,2.970666207668067,1
0.939226581404732,9.877344472825612,1
9.146046975181452,-3.9011880390305844,1
-4.12356336166042,-8.179678016101143,1
-2.487459380449163,9.309734428498931,1
-5.128154559437723,8.159678787689856,1
5.298290703053418,7.844813697921637,1
5.8948657287757165,7.4849536172385704,1
-9.039502474228009,2.3100654288144042,1
5.558471742707965,-7.258855956210393,1
-1.928636265596424,9.53293050670704,1
7.288723771199958,-6.184919959767523,1
-6.286150798586132,7.6383033093360595,1
-8.567671377536115,-4.74501088640022,1
1.5337115926834493,9.46448372893651,1
-4.896546409131448,-7.834607500419935,1
-8.463733949188839,3.8097971902458774,1
-5.491680872521439,7.9918441906530155,1
-7.63087416858288,5.912573149211465,1
8.86708352184322,-2.7311690792031698,1
8.250122068017866,4.042396933186286,1
8.925646325081381,-2.7501815035402224,1
1.229205472047191,-9.46220806720267,1
8.339738268680744,-4.064024831926997,1
2.0806474883907278,-9.103514448505745,1
0.6769063946583245,-9.894116450186281,1
0.24786535564157575,-9.340146374265416,1
1.0541897022400732,-9.491106338166517,1
9.537307482044685,1.0156931934484206,1
-8.188674824567757,-4.025745852301539,1
-7.938099484364159,-4.515417057647569,1
2.3974634178820438,8.730471371566846,1
-5.665943035841398,7.921587071133466,1
-6.565304131482161,-6.945022173657445,1
9.762372513049833,1.3114951760962263,1
-8.81265557904058,-4.3404420160649035,1
9.57471515666451,1.526496565683594,1
9.218389500168275,-2.917410500557253,1
-3.17312340929605,-8.716190065941891,1
-5.363323251045134,-7.6787269215417675,1
-4.179497496790063,-8.806726280853946,1
0.6520148845461708,9.584039191302654,1
7.08856407124102,6.760662150172777,1
6.843886294524609,-5.935102992517696,1
7.468694387275093,-6.216957374475257,1
-2.4270733786876217,8.78900590717943,1
-2.289826550504408,-9.402701635175427,1
0.49348934042623505,-9.158385470805682,1
-8.903782153033543,-1.585205008914956,1
-7.967393048210863,-5.533106208848356,1
9.816453820024051,-1.2057957844409906,1
-8.788389593333749,-4.284737258261009,1
-3.487859777106735,8.7349635366045,1
-8.129832870741398,4.247544808477855,1
1.7693806722136252,-8.829435153607836,1
8.596450461217099,-4.44539788910696,1
6.365369708073818,7.071943852821072,1
-5.861656815279034,8.017623369663173,1
8.646638767656246,-4.244478812543562,1
6.142275845879819,-7.240115744475507,1
1.7357770100745569,9.209385096708615,1
9.088391548820162,-1.884139571743713,1
8.823287912441536,3.0411515588086644,1
-1.266327337169038,-9.502974046786461,1
8.508407878608601,4.603439369742382,1
-8.903573351323697,3.565747050090785,1
-8.255788976549535,-4.272896967874035,1
-9.03207132281289,-3.8332212749750703,1
-9.188645891417725,-0.40139028686530054,1
-5.813444430223658,7.80181589431605,1
-7.643720054137809,-5.773277300138294,1
-9.59642865055101,0.16151948266853466,1
-7.2956584364678845,6.500111585431327,1
-5.580963748602288,-7.0961080028559165,1
-3.866747271464469,-8.453510870479413,1
5.4355723629893795,-7.366111063879929,1
-0.10368947136020701,-9.629637189774414,1
-5.363891435694137,-7.863969553162597,1
-8.896042386144208,3.100250181896538,1
7.19114971053698,6.601510173943584,1
-9.130759935106992,-0.23744045200376007,1
-9.156526055347207,1.4958827144420646,1
7.833833925201816,4.998835331056192,1
-8.913483572207532,-2.1358610740582566,1
-9.37303587877966,-1.954249958430477,1
-8.694116980372275,-2.4864252274613285,1
-9.29371765266714,-1.7247301216666067,1
3.439970793610776,8.98936420756867,1
-9.393584610545961,1.982331127684695,1
5.9064044634816035,7.410838589363713,1
0.49905931816022786,9.925171319386038,1
9.453576139081196,2.604956916527062,1
-9.11032772338865,1.243865996399954,1
9.654631552204233,-0.15017083180561563,1
9.087873606796538,-0.7776913374287666,1
-9.883270918657502,1.197120069604507,1
-7.833164273875739,5.790543228356295,1
-4.451041435729321,8.882717446532922,1
1.1694990634750937,9.682279210151979,1
-5.9120502975989275,7.246054338642988,1
5.609712805938038,-7.997517211720894,1
-8.6620267206095,-2.736461648693684,1
-8.808505132666824,2.305543550872864,1
7.998699738145476,5.64335591356458,1
5.296999986810054,7.449652682144656,1
9.04156369497177,1.6427065627219548,1
-2.0154485513452016,-9.205733263043385,1
-4.3534627747803665,8.942245673850351,1
7.999329430544027,4.336947025250328,1
-2.846919202338805,8.918000904486835,1
-9.709813526368205,-0.25447017445783615,1
9.520664849737763,2.626844141085316,1
6.051411243656972,-7.321019984501901,1
6.507032649543671,7.262031939696605,1
-7.160269859541717,-5.803481676018694,1
0.7793903929328359,9.566625205872668,1
-1.114501081611964,9.50481262382257,1
-9.555334841329909,2.4822794447538428,1
3.2798015461820675,8.754786016762985,1
-8.907165249312525,-3.2672555972615385,1
8.956434544880313,-3.493954384485235,1
-1.4033581487419884,9.238561459130665,1
-9.175589603394176,2.568547351735493,1
9.74338693036426,0.27342485193138444,1
1.8142430323015724,-9.801862968393188,1
0.2845396227858785,-9.961900030006976,1
9.157893992092408,0.7623869168717015,1
9.154313959165076,-3.1121314647671507,1
3.5089449089495517,9.238356549611012,1
-8.85702506948661,-3.7455521904954345,1
8.85923142118801,3.3517329114390613,1
-4.113861572406162,-8.86279515879666,1
5.5437206583363725,8.01796407507176,1
8.252703156193299,-4.303299863819182,1
-9.61525300898088,-0.24135180223127506,1
-9.221723849119936,3.7773370051095956,1
7.659019925410529,-5.684191158274034,1
-2.007407895987562,9.571668253790275,1
-8.857700452905485,3.6361638186393606,1
-9.155465629820682,-1.3171125218138897,1
9.367190226795472,2.682148382877134,1
-9.366993926827373,-0.4325333413937287,1
-6.23766435360238,7.32271741074225,1
8.433476664253906,-3.5216683942974925,1
-2.8662002870819236,9.123903634427467,1
-5.811887777399011,-7.988852488073719,1
8.726415167561495,4.0162749708029715,1
0.7140461889924428,-9.773656444949381,1
1.7193444570181384,-9.779107781186646,1
-7.388707199468785,-5.431325380050767,1
9.460958832296594,1.4033373858373466,1
4.599627078337715,-7.822825016128626,1
-6.50928387495647,6.622510670742692,1
-4.340644688234589,8.916384698628477,1
2.8159321670085227,-9.120876686948524,1
0.43491479806441546,-9.940470738296703,1
9.412403481189212,1.101557541716108,1
-8.066423331533493,-4.72320021035796,1
-4.442690833280814,-8.833029294727211,1
8.177320044282535,-5.669498596577482,1
-8.936587620253022,4.105473938833548,1
-3.9674568145800286,-8.281187479535909,1
0.49788103775231285,-9.228919758709255,1
7.024569367151635,6.698924871804138,1
-2.302122002282056,8.708644430001645,1
9.791061804836477,-0.7378744553931949,1
4.673141208528428,-8.297579490558444,1
4.5409240562525035,-8.633912840936823,1
-6.820966723895371,6.405036596303383,1
6.557888677495054,-6.355326416973354,1
4.628370877420828,7.9818423455183485,1
3.6606551079474805,-9.260811796219578,1
3.491212245100158,-8.764935333022763,1
5.36186325502236,7.778021829460613,1
4.030843414039662,-8.81117984255745,1
-7.552309281214616,-6.259285035572776,1
-9.050903596348048,-2.9655798715152457,1
9.265425570869805,-1.6210955181408782,1
-3.2330811845532494,8.619349328454746,1
-0.869989218576281,9.301090486385768,1
-3.8127395753642297,-8.724068042218658,1
8.985829728751241,-2.6871211076992676,1
3.6324621974366167,8.642906696618432,1
-7.134265089583062,5.6673330142801746,1
4.641659830741716,7.814631751260908,1
8.700424793774975,-4.007600950482781,1
1.2930030740462044,9.738596293804736,1
2.0994973461120807,-8.820868644127732,1
8.677401468168817,4.381475825115032,1
-1.547042811687291,9.473891286869652,1
9.116732993793494,3.9604902573232685,1
1.14428119220376,8.977017132945427,1
-3.45629896559422,-9.288987619818242,1
9.368656592092595,0.6621881356518031,1
9.647963943279251,-1.1824720101755943,1
8.059368594806468,5.245424653219672,1
-6.044872182517798,-6.712219145441472,1
-9.298687592511712,-1.6967063790638601,1
5.446317582742569,7.213569179291767,1
6.9917799304790655,5.860265962839662,1
-2.9346447154783704,8.685937710436853,1
-2.2105757619624864,-9.147375363039194,1
-6.9808440337275925,-6.4287904067677015,1
-5.3434853195081615,8.332607201045413,1
4.459106243352817,-8.762006113486468,1
9.548621000368744,0.06634924556851907,1
1.6225548676790673,9.799476849252486,1
-8.509257465465495,4.969337817596262,1
3.0636167060889434,-9.322682523678814,1
2.0645804051893073,-9.533262884138018,1
1.2174180444969203,-9.488708663351435,1
-8.551504055098784,3.9522214820602564,1
-6.154108000299765,6.587048953355406,1
9.317951141968138,-1.7286429535217884,1
-5.739133132791638,8.086492043446473,1
-3.7946229197583534,9.239339762675904,1
-8.020056754933755,-4.646115221672526,1
7.919542406268089,5.785707243781776,1
2.568007083375683,-9.594109726877617,1
-6.42175955772241,-7.096913545591406,1
-9.326433479054833,-3.4373664613554755,1
8.638699403255021,4.817543199532036,1
5.949807752579453,-7.737031100749002,1
6.917140444730705,5.825458534844273,1
-8.670929353180949,4.264751813572001,1
5.516680550647028,-7.477484068835862,1
8.743569232746687,-3.414484740282676,1
6.016609462096724,7.842584646297908,1
-0.6862547691170242,9.874155855843203,1
9.268873793914715,2.154450918280485,1
-4.368239145720102,-7.967337182490313,1
0.8959772085231563,-9.2497506096967,1
9.762635427153029,1.5305679699947738,1
7.787986539486589,-5.7198464976725925,1
-5.046585843323273,-7.5189647870623775,1
-9.427271614134177,3.1750682706607307,1
6.825073141403749,-6.4161131018686515,1
-9.578093733781063,-1.2606016799225443,1
9.353953282127666,-2.691701288261349,1
-9.483313354413985,-1.767785147360165,1
-8.25843233964083,-5.530166651275615,1
9.158965373848108,1.030290538243154,1
-7.0219992125405515,6.679098726668258,1
-4.645901479560864,8.73476889202167,1
1.4000564555281692,-9.53053784643067,1
-3.954047546092454,-8.658356331566708,1
2.227628960188561,9.277102422533098,1
-9.370733710420833,0.9414119992882775,1
5.254207182419229,7.318785416851693,1
5.85404634076956,8.040882857190326,1
1.534749163453931,-9.866152844316497,1
-9.625236816106844,0.6875187142515564,1
-7.598578678877472,4.896253451850967,1
-4.046694649903902,8.766489407454678,1
-1.8309966829313815,-9.29954586450889,1
5.826987187236178,8.117293145667723,1
-3.943689359891133,-8.978287573213613,1
6.593152858886828,7.0113252267952575,1
-9.34419838084672,-2.922030638178901,1
6.943058040309175,-6.530337117088112,1
0.6071455006149495,-9.137583911534396,1
-5.4021982868950005,-8.220622858855275,1
9.035701426432421,-3.2642806099268658,1
-9.799464765568164,-1.348798997590544,1
-6.658255574037209,6.886752605119881,1
8.07632791119272,4.745831452588369,1
-7.754950961028035,4.808660167054697,1
-1.5854110002365633,9.434863324388076,1
-9.030327955746309,3.9716508677324445,1
1.4435784750601428,-9.72738327052305,1
9.208243810838745,1.2181317574832082,1
-9.783603410681234,1.6128367032969635,1
-9.004019348290445,-0.4283679196984149,1
-3.125712913156507,8.97695117983632,1
8.627621507267058,-2.8804175620287538,1
-2.487942696160152,-8.678594392810155,1
6.918496782204382,-6.072790015768556,1
6.932822081434605,7.100904576586025,1
-9.263467283331117,-3.4814928137889467,1
-3.367860953023426,9.027400065266391,1
-9.110245016580384,2.1766286720776122,1
3.8928684000153098,-8.141689593575181,1
7.544885482513703,5.780764260644602,1
8.629285593758034,-3.1247292179902786,1
7.734804048827947,6.216360431490088,1
-6.201442644141263,6.548214978855071,1
7.093605032122532,-6.204148092418295,1
2.556208675996988,9.401005552306628,1
-8.021322959552979,4.591019609000398,1
-9.043319445899819,-1.316754837012443,1
7.476654477102784,5.729346600719033,1
7.742095184091106,-4.832061096541411,1
1.313828205986372,-9.021968572829138,1
2.591584146246767,9.350624692797954,1
1.1091039685384878,9.063063542556037,1
4.525279237741991,-8.086825076212115,1
4.753147292376475,-7.645841777017252,1
8.31738866785043,-4.232284082248355,1
-8.673889455798019,-3.822806314613091,1
-7.253133754363136,5.851600990655395,1
6.771014478223787,6.425555918908476,1
9.624148287386674,-0.03950064775458095,1
-2.11054386439873,-9.353421901604094,1
-6.086180213826548,7.086067427079449,1
-5.744292596259978,-6.991792397340859,1
-7.591100958173424,-6.155733971992461,1
-1.096725353274131,9.59054628057265,1
8.15778034682971,-3.967261462979007,1
-7.794085291416847,-4.597267136530319,1
-6.755177335622594,6.989307227486133,1
0.3934461613244693,9.163339671682529,1
-6.467143971599773,-7.313388236634988,1
-1.3296019707059958,-8.957776752519251,1
-1.4467347655904117,9.557355974590088,1
-3.7930762599158605,-8.311917307660675,1
8.621416897935042,-4.913028457629433,1
8.50828586457187,2.955566311291122,1
1.2888017374670007,9.616294240369761,1
3.976715046087161,8.99158139923577,1
-2.832637092542832,8.823134160617563,1
-8.090455902143056,4.589721211121258,1
6.466954011447875,7.463336030107051,1
-5.747235353720889,-7.69972948849597,1
-3.485798010961391,-9.315387025144217,1
-5.390182610344333,7.318167371919589,1
1.3506301681497703,-9.368539446350029,1
-9.184636373878941,-1.4907265085182608,1
8.688635365390198,-4.714579777848973,1
8.76478070556465,-3.774384832992057,1
0.2994848839456026,-9.589231270511988,1
9.038253478301684,1.2712024586234172,1
-1.9116133239385924,9.239057690745419,1
8.008917923561448,4.964806972478623,1
0.7757447424915966,9.967680572376722,1
8.310414236667611,3.866113912261179,1
-3.3108375711116054,-9.383283048600912,1
-8.624348194128245,4.888827281541396,1
9.27995753775993,-2.561689030878032,1
-9.006598614391514,-2.7461893689094623,1
3.212993312286578,-8.945067459564337,1
1.76014188683817,-9.245961858929103,1
-9.371516046874714,-0.16792500135733235,1
-6.055994482574615,7.7081189754650445,1
4.873049921157694,8.004468084660807,1
-9.480373420856303,2.6343142091055967,1
3.0782128107775684,8.667761006356134,1
-9.639343757957723,2.489627769830907,1
9.854468938224446,1.1595928708570504,1
-1.2964965926141545,-9.81240582178087,1
9.205311104273552,2.3294086935723186,1
9.508170204592329,-0.4731321634734531,1
-7.808793878425511,-5.304251053417758,1
9.22628223997237,1.3426186216788363,1
-1.7528710714048703,-9.578401091724588,1
-4.827192285298745,8.195336896455398,1
9.538535000324057,-0.01942353675850228,1
8.70955460033787,2.9675943192008205,1
5.998542756412167,7.971415296614438,1
9.026723317994868,0.32423095722850626,1
-4.737207620073269,-8.663372818344685,1
8.401599305568698,4.8699919379462315,1
6.172597216152738,-7.0716466867538115,1
-3.833608150019085,8.145628219508925,1
0.3721322822073301,9.694394111789457,1
-8.796885550396103,3.816750284966073,1
-0.4716722324919669,-9.543613532189923,1
-9.507865255036123,-2.1013257990278262,1
-9.115828901614758,-1.8958976100692126,1
8.200212161974356,5.529396063263938,1
5.218145653213245,8.130522048763737,1
3.7518752966091213,-8.60508326186469,1
7.29907173741611,6.485614437577592,1
7.028506535420647,6.032161635275656,1
8.437858954650466,-4.496069876915945,1
-6.923370272431983,-6.124777521145318,1
6.17358051701671,-7.81775719598161,1
5.367029370780866,7.26708786087287,1
5.425052350359213,-7.519111275148743,1
4.826797676573278,7.74850047824529,1
7.094877977945259,5.943989788335731,1
9.72623823054559,-0.03011957558197942,1
9.68031728218699,-2.2942744567630555,1
-1.8846333021063018,-9.419948538700385,1
5.730125864339314,7.323701179116604,1
7.374014660730129,5.603272462993342,1
-7.581207789505886,5.080421893433382,1
-2.6137114117270404,8.890910661432873,1
5.531417877335759,7.929175885636656,1
9.244390352347509,-1.9921736640171304,1
-8.259985214380798,3.696371545072619,1
-2.358587420710638,9.193000980310316,1
-8.894979443645347,-2.7138252683143556,1
8.679627516511761,4.879051883853922,1
7.082412049905578,6.348979552155534,1
5.727716614295829,7.3992635615429165,1
-2.9682553160547407,8.517747295961456,1
-7.383585278139849,6.71724260239813,1
9.826881470438728,1.485904745123122,1
9.383244500371003,-2.9864740878145852,1
5.225317317049967,-7.984622465910749,1
-6.532586043062981,-7.15721386943369,1
-1.6329054088243904,-9.29019604485481,1
7.886649503743854,-4.633970132733565,1
7.732787114628827,-6.122843501463818,1
-6.390539284240939,6.9192142486519295,1
8.3380722884127,3.620625027031636,1
-1.71806214104976,-9.185868871095176,1
-9.402949756491543,2.4451340913355075,1
6.981219757359742,-5.89653990131657,1
2.3621767547213786,-9.244820843249276,1
9.183327052384456,3.7028184951260847,1
-7.311025052494613,6.739227058424966,1
2.7282977423891595,9.25111347496918,1
-8.263818916816096,-5.217885236143378,1
2.926323805345163,8.706488684968576,1
-8.752627638601844,-4.180440087780482,1
-9.07718195833271,-3.864102362166726,1
5.83996645376914,7.366495460091247,1
4.2123359751979415,-8.528655177495757,1
-9.2563015531789,1.7180803979593868,1
1.4418106871923833,-9.880153532593535,1
8.732491051244722,4.2428080091591305,1
-9.01823732522239,-1.4673111800168712,1
1.0495438159069295,9.122187906719802,1
7.891664530919446,-4.448306603611665,1
7.2263118340415105,-6.112150789278374,1
4.41638560229017,8.200197624597372,1
-2.945192653071631,-8.875191273591021,1
5.570464532091066,7.540998425775609,1
-2.172644808624259,-9.10395394077249,1
2.106784442403729,9.705703128690104,1
-1.6470062141053354,9.293863987332934,1
5.209972345176041,-7.655879090458321,1
-1.4593195883118462,9.879539141426239,1
-5.4774089991689365,7.224819428327432,1
9.189188176659748,-2.857786045527593,1
-9.162931557862459,-1.660055064390022,1
5.243894343294134,-7.32132049811432,1
-6.2340171567844,-6.493237290338597,1
9.015106546112097,1.457573818933259,1
0.007215314969942099,-9.632816524525616,1
-2.8241246789965953,9.584521103380006,1
3.3747124209153796,-8.647627536398161,1
-0.9325716427090764,-9.031842411595095,1
-5.956112136062735,-7.875201226536442,1
8.626597667720517,2.7698681816285085,1
-5.479222870577379,-7.398189189730501,1
2.1257028726655953,-9.128474505517651,1
-2.011914150080486,9.770671345324946,1
-4.205534688131854,8.278614404056576,1
-9.441662091197408,-1.3250076743785133,1
8.44650614823233,4.49789301466469,1
-5.997601374054037,7.638425005515959,1
4.266935840374945,8.320881004734176,1
-4.929300384670007,-8.588314562405609,1
7.330325585203585,-5.659133069358771,1
-4.305127942932577,-8.996072565082098,1
2.0673102573746043,9.174777783127976,1
-0.015395147223863148,-9.276824208111279,1
9.514132974150257,-1.8776651285744705,1
1.6406762392875756,9.192774449108121,1
8.699025462840908,-3.4767733780574375,1
5.613203671551247,8.164833863662274,1
-2.5103069500735025,-8.862299359870153,1
8.996570263887964,3.6846867148449682,1
-5.4223595422043385,-7.712248152512265,1
8.33722312141851,3.624610385187651,1
9.73651586331355,-1.441113134542137,1
9.271232331838178,-2.508523838792101,1
-1.0865165970416122,-9.594199366028802,1
8.337835982173935,3.8160979980096013,1
-0.8536657554975573,-9.438432366823331,1
-9.64292687168438,2.13919879944938,1
8.928925658871627,3.194299155508972,1
-7.960767902043119,-4.260247228970053,1
6.880254065438834,6.408721840582132,1
-5.923501831843211,7.476021121578434,1
7.9417742328246455,-5.880480943017688,1
9.218126038014521,-0.9669258320803689,1
-4.911360486672525,-8.422419882064627,1
9.753700070848808,1.3199775173678425,1
9.324104265914155,0.9882853041677429,1
8.295049261435157,5.492145462981686,1
-9.830859991780436,-0.048380238215100846,1
0.5183698421672407,-9.915302487496058,1
-4.784668667698877,8.615783943980624,1
9.06825825504087,3.404455044797672,1
6.265147093602007,-7.347144630297972,1
-3.801175954399012,9.206991494956938,1
6.063330871331825,-6.743106134346202,1
7.900787502679602,-4.392183124260032,1
5.147549469003387,-8.120664026660215,1
-3.1522169636540394,-9.33634484464645,1
-9.022733694790741,-3.5630598058003713,1
-4.412153949286836,8.904622509268656,1
8.168874074723746,4.166996208749467,1
9.233966892811704,1.8178804271180233,1
-7.888104028068563,-6.131303820458656,1
-5.197897108880882,8.179202322902881,1
9.433192576505832,-2.4961326214916717,1
5.588060180115708,-7.499178797297353,1
8.747580970070253,-2.8737702129157014,1
0.35511039518429754,-9.549749797543898,1
-1.1077164720209662,-9.307769028458683,1
6.184357989964038,-7.2770266822923775,1
-4.231662494973611,8.153665524681301,1
8.738504969716317,-4.205726686995007,1
5.939181338246954,7.517105024832986,1
8.835378044109337,3.5902556464052253,1
-7.0491482056897805,6.332876741609589,1
-5.552464011736506,7.375948191743454,1
7.543125684827707,-6.3455169287928435,1
-5.152309982317677,-8.351986923292461,1
8.174062868616051,-4.0591594136928215,1
8.919810560108626,-3.9637497899294303,1
-8.39664561141079,4.045549519005881,1
8.539104502973089,-4.442825055794259,1
8.946731322422128,3.367423701140641,1
9.230012485915033,-2.4607447561207287,1
7.732851495122738,4.805778158810611,1
3.155443280192671,8.55117330673318,1
6.096107326061478,-7.305102275475194,1
3.4108840162731333,-8.623255665895673,1
-3.4431222773071664,9.075009488074883,1
-7.2440350828701305,-6.374452964894546,1
-8.34659975756262,-4.23834080057415,1
8.922472830978403,3.829101960368357,1
-4.990861897140222,-7.926873195583619,1
2.3895833122028804,-9.053044048667802,1
3.438242146268788,-9.224102703818357,1
2.5805005987852034,-9.03838331719422,1
-0.43495983075768585,9.165981857848788,1
3.509136455044988,9.087074695926006,1
8.27346113349343,-4.459749638436921,1
-8.989327205940597,-0.5909560943448824,1
2.509975309511951,9.139307667733572,1
-5.808376602352007,-7.230026473595775,1
-5.7976584060610925,7.091333081792946,1
1.1103244575201963,-9.061126037322024,1
-5.766044170853659,-7.390743652197244,1
-5.2979860453835705,-7.563096531282698,1
-4.810386588851797,8.746780799188375,1
-6.969210513673868,-5.91240479485111,1
-8.171698819343977,5.17029025286233,1
-7.9668142788743,5.105594721314645,1
3.146399076939847,-9.465527160989446,1
-8.075199431477209,-5.520553211336809,1
-2.905263747544984,9.40528053615796,1
-3.325348273886897,-9.2007160745632,1
9.255195707929882,3.013647606749453,1
-8.492123315790773,-4.908208736360759,1
-9.568357895760903,-1.9539405808026267,1
-2.1840153691473567,9.74773504843198,1
-9.801415539264973,0.07050784383101316,1
0.19586795052907746,9.039829913809665,1
5.871323569633578,6.896807438745725,1
-5.880843442481046,7.354250773251252,1
6.006941983686065,-7.687955733125373,1
8.906171412274922,4.072427369755829,1
9.053729175030004,-1.2192650179052293,1
7.611686853932763,-5.891811206294175,1
-6.845957602579837,-6.830118734691545,1
-1.833073919357366,-9.424590268667908,1
-7.770728204822422,4.649786102866237,1
9.943593913389861,-0.23330685669700557,1
7.441937550107713,6.45406882908533,1
-2.9928190844714013,-9.496144068530647,1
-8.85511926259511,2.4457119181555846,1
-8.318278511406909,4.341633190060282,1
-5.92543440582773,7.979399528473184,1
9.569693331120568,0.9636900440185805,1
-5.167340929141101,8.140990876570264,1
1.8502572463251141,-9.077311328265214,1
-9.06792918270866,2.5349240463268696,1
-7.858771042959351,4.490387985608841,1
-8.657577757498446,4.138058128448641,1
-8.622187398978927,4.527028511101399,1
7.361513330460145,5.397369427000513,1
-8.901288420530634,2.217154528276833,1
5.489016174185952,-7.462783767501048,1
-8.789037523200864,3.5387589739806806,1
-7.610629065250805,-5.782176331100212,1
3.126301153132374,8.882474242067072,1
-6.91271336383976,7.044157276086491,1
1.4323340742435562,-9.291131393700468,1
-9.288615045411573,-3.491833708035845,1
-2.5876913299669386,-9.206540607622355,1
-9.012083989029684,-0.28263694734183886,1
-2.4650659479268917,-9.427331973409345,1
7.582620485744723,-6.314055657487917,1
-6.374487101814308,-6.964525816440107,1
9.610798066131927,-1.488161502011284,1
-0.24902071144257043,9.224322533457038,1
5.266224649071219,-7.777577111840663,1
-8.44460375815462,-4.448740015668405,1
1.044955322200913,-9.25268428033351,1
1.737326317792565,8.966471051881463,1
8.73766301684373,2.6885227085261327,1
6.683557041583711,6.396731784002931,1
-1.1563140455180303,-9.361780093508969,1
-0.040304400409647556,9.452469318768841,1
3.691111512942328,-9.010174599718347,1
8.023881195325426,-5.611075978038966,1
-9.498686354174048,0.9149186409201242,1
9.972368004054442,0.07496805433462939,1
-8.335222333613032,-4.581815069301695,1
-9.051064975446831,3.8410956889955017,1
8.406041204982493,-3.8770273783036906,1
1.84527150043602,9.254929839425792,1
-1.1058804834909122,-9.932652740585203,1
-3.8872356946455646,-8.817729322005253,1
-3.6002581803000027,8.82995344215266,1
-4.466860340869488,-8.587924351856927,1
9.18783213102546,0.998799512245645,1
-4.803918543642654,-8.11519455224982,1
9.418370532296237,1.5287183318756838,1
-9.24431324943112,2.7690847665924014,1
-6.494123635584572,-7.199283698218259,1
2.626583890153313,9.168642785454942,1
6.756094432144476,6.034735942374088,1
7.189970002448437,-6.914308572389473,1
6.0628108105657255,7.53899586929797,1
-5.288356011780646,-7.499034057925862,1
-1.209140669553479,9.040342828975906,1
5.56137169305498,7.258301805630641,1
-9.397035872106926,0.32635090848696535,1
1.893982612976366,-9.749170757030589,1
-8.25801546590344,4.144228927696702,1
9.956935482622534,-0.04789570130342824,1
-3.611758629697148,-8.445723058969001,1
-5.370594682619675,-7.522357009825188,1
-9.551444290455523,-2.6962027547402734,1
-8.278213806349326,-4.678621088430019,1
-6.820888744973317,6.8720424369227935,1
-7.334293588145293,-5.8998039276467,1
6.314749100332513,-7.715081874675838,1
-6.66310052444109,-6.783039122726286,1
-8.74321815678883,-4.432701723150978,1
8.61498861347389,-4.05979241214141,1
9.205188393659338,-0.7737759895342933,1
0.606216574748494,-9.910067570207193,1
-3.6912728286542045,-8.589327825263716,1
-5.618298888214666,-7.7690953932720985,1
-1.4376390429837986,9.124546665824223,1
-6.002959828062192,-7.567390128120491,1
8.902794267716356,-1.6270763128846042,1
8.771542990280071,-3.26914826292027,1
-2.0676964889307285,9.201885500788286,1
9.027804916362975,-0.14808380256451414,1
-1.3124530033298036,9.762703129362656,1
2.366176083006259,9.243182883062875,1
-4.8823553885465,8.44771197904344,1
-7.209403147955281,6.69864640127485,1
8.656320309634314,4.640113566909349,1
2.7363528887980593,-8.828493317449567,1
4.110007707033095,8.751829985453004,1
-9.118852069804685,4.048289320052426,1
-5.4596221188976095,-7.287570704243304,1
-7.728221048851095,5.375143834188904,1
-6.227022185410396,-7.720301618073549,1
9.128285028291398,3.3097682497256358,1
3.1924840048080654,9.101032852416772,1
-9.076990845304138,0.5095574340598361,1
9.188811891701203,-2.098364101521817,1
5.570803816784416,-8.229330305920568,1
-8.967025258714745,-4.385014450442337,1
-7.882598488774444,-5.675812889502052,1
4.170638041102222,8.859145554465648,1
9.800203034828044,-0.13964045041030104,1
-1.341755633684226,8.909930531772844,1
7.442268541228724,-6.471147826606513,1
-1.3962386703423295,9.27843085527196,1
8.318377403173287,4.772554458860309,1
-7.128664548793216,6.504482253586197,1
8.113482031524732,4.17908552042536,1
7.194727273990466,-5.5981855662948785,1
2.7215227903758574,8.71153457235977,1
0.26519379058136927,9.6843491992549,1
-4.140398307126558,8.54474824181992,1
3.304034704124806,8.470719008365645,1
5.235818836868976,-7.755856486940938,1
-8.667553743571588,2.8301164200202003,1
9.687099538758773,-1.3083581143836671,1
-0.6491951319623297,-9.949368677264257,1
-5.733557517395392,-7.337673381540326,1
-3.076637137646939,8.934184763207202,1
5.023479539891039,8.540301274204612,1
-9.252868718090642,3.226578010009076,1
1.4859311351164628,-9.207487029186652,1
8.550106833163891,-4.582679506070266,1
-9.306755466676284,0.8131820766792153,1
0.794226832378639,9.832063097689911,1
8.799848956186501,3.55223365803192,1
-9.549383984721693,-1.8521747540459685,1
-9.339409793427453,3.1407330449283375,1
-8.24309112684697,-4.110013756489785,1
-5.092645606093308,-7.820137769211316,1
1.61573581354655,-9.539886432758497,1
-8.96421038186767,-2.4072502169581114,1
4.854135268816268,-8.504034935957943,1
-9.452033396739868,2.961648988008175,1
-1.0000263100204894,-9.900650578198073,1
-0.333074048023672,-9.664325247656276,1
-5.549620616185484,7.62238662915351,1
-2.5948236070293813,-8.94261105158372,1
-6.846058297619152,-6.58184421817225,1
2.2609328546902816,9.152428405587226,1
-8.5640410903641,5.0281289876664665,1
8.227313547449697,-3.6679989392833665,1
-5.033836294145722,7.487101922008954,1
-9.33599552963307,-1.8068284513375907,1
0.6318285971263755,-9.832340602753328,1
6.110108234983596,6.97999142864791,1
9.519559107938587,-1.0528584599438044,1
2.879469470321755,-9.28673605406502,1
7.598245308510148,-5.799411471431388,1
0.07542184076428526,9.943647875287933,1
-3.4282581290303096,-8.955899668842413,1
-7.998839646902778,-5.440818316424252,1
-7.934414055667931,-4.522800710329121,1
9.406717007042086,-0.39119185906584875,1
-0.7487780675276383,-9.101500854910661,1
5.6260013270058735,-7.8354453350011575,1
-7.340381913861464,5.933347824962041,1
-8.144071430607738,5.442846350832085,1
9.678195292959469,2.271931068639077,1
-9.874530607008806,-0.11689670758772053,1
9.739050909626314,-1.5740434437514317,1
-9.267444349831974,-2.009458493301313,1
5.96009100553648,7.456708590558456,1
-0.8655894440868952,9.451805904663047,1
-1.9300076463926636,8.972486251143838,1
-2.0658429085405157,-9.410906064444747,1
8.198862058755754,4.298167045310549,1
-2.3080831024146757,9.111077508437269,1
3.135707355593695,8.91349691789111,1
8.659718084412994,-3.308881784567962,1
-9.854318367706046,1.1519209132838437,1
4.145820198911668,8.428955897065372,1
-4.355003337547732,8.242399547770898,1
-9.6085821915162,-2.627050221999495,1
9.048093207660475,-3.491126449130622,1
-1.5726257950282303,-9.805356409152068,1
-1.6625416780369484,9.804816170924227,1
-9.960311865278651,0.7771909207013543,1
9.210674009108544,-3.6807115060980546,1
5.101440684059735,-8.357775829297093,1
3.8824044737179477,8.159791822385095,1
-7.965164641600369,5.3113579508681426,1
-4.920419500538305,-7.813716518447581,1
-9.420249160715247,2.109194463900028,1
-7.704898772583149,5.2965856063215355,1
-7.5528142603800195,-5.088153528829939,1
4.7054641423959005,8.353495655766064,1
8.5155791422291,4.424581000293081,1
-1.8092506146350757,-9.699905329571072,1
8.582073110101899,3.446668421122416,1
-0.7033440854455044,9.058411345782119,1
-8.553122360189091,2.9876274426114193,1
-9.603775760391283,-2.6917634287799963,1
-8.389559174209012,4.409881842464021,1
7.431945304496505,-6.236092645507815,1
0.04431662184221352,-9.188342721125046,1
4.350051637719904,8.665926827230248,1
-9.312007295021598,-3.441642513236065,1
-6.902767807012598,7.158358691570296,1
8.55009091762463,4.916293313862052,1
1.5772195921987162,9.815532660421145,1
7.908959859629427,6.076529728256965,1
-2.157545278433215,9.122758757804597,1
-9.556035052463415,1.1198321312321902,1
-0.49199622148803,9.562985411531518,1
-7.076463255442393,5.804270091569105,1
5.514882873857079,7.605821171705067,1
9.170169261923306,1.1371184411307595,1
2.6440164906111363,-9.361741470607164,1
-8.847573531925903,2.348558873840215,1
7.792981471283369,-5.116633150401467,1
-0.6563492257019767,9.446423450441266,1
-0.44874839766741914,-9.383165802700557,1
7.427810643472313,-5.753316374310607,1
-6.88068973854951,-6.524821681403156,1
5.685362194432308,-7.051995943887369,1
-9.087938859463382,-0.6289267380029209,1
3.498487348704856,8.37542396776826,1
-7.755179116055533,-6.148585702040574,1
9.082917608752858,2.4098429634784395,1
-9.940593221630719,-0.25344742555705757,1
3.167178767825636,-8.466013607109804,1
7.4137979608688624,-5.999490086821894,1
-6.85376873161284,-6.934174669337099,1
-1.5995497358622952,-9.560026127303036,1
5.7821461204199025,7.320772116957784,1
1.1360531417578486,9.108224182566403,1
-9.239513859311419,1.127620588180939,1
9.206338217156642,1.8806662241949486,1
-1.9374743071388547,9.426048301275273,1
-3.4840293132676763,9.256531939819538,1
3.8092164427423967,8.37252584336471,1
-3.1344044901875296,-8.472325373735847,1
3.7476586900499527,-8.390167640180497,1
-6.619060546112328,-6.227453062898657,1
6.944012821248975,-6.429517525929953,1
-1.9634546549102634,-9.556205804577159,1
-7.516303641001184,6.394330856451088,1
-9.537421049580846,-0.6419155447161735,1
-1.806410658098784,-8.918234289430949,1
5.3011737827381396,-7.884813998740087,1
-9.589344631462364,1.769824075615805,1
-3.064010153231994,9.060997209360846,1
5.060173562708876,-8.618958267287201,1
6.841884361249999,-6.595821691674067,1
-1.522812990193522,-9.39074511056475,1
-5.650435432343089,7.781015583779592,1
-0.10831498685795538,-9.618075067436965,1
9.649779549050209,-1.6831498982760458,1
1.0079405626868834,9.541444152095053,1
4.286923221657958,-8.762569732139507,1
-9.27106367023746,-0.7445684590328803,1
-5.431130542279204,8.329538164350378,1
1.2550644419262547,9.086483827346182,1
-9.186511666484183,3.783304799727393,1
2.943229254212838,8.88380337706431,1
8.862149568993448,2.686494041858513,1
-7.47867758206762,5.610944889692199,1
7.271723573189135,-5.336634370380976,1
9.498318404665735,0.49649022393485254,1
-9.533081469047044,-1.1397668574845436,1
-9.011909854897091,-1.8292207152854107,1
8.299488115053965,5.223054002769121,1
6.053424597218097,7.18083081108167,1
1.5301279598949407,9.231696457360634,1
1.2801762522713283,9.259395564724361,1
-0.7723009373665306,9.411987501846113,1
7.332021330950152,5.878847374519513,1
-0.5599803685609075,-9.245730344954826,1
3.5250126437015012,8.71132974005993,1
9.338765967142997,-2.5412989474598717,1
-8.532680008338868,2.986986084081865,1
9.940529400029181,0.03291410536536432,1
7.3529609808968495,5.449786961758271,1
9.605043178930497,-1.4785720816310786,1
-5.596429932045698,-7.522345949761068,1
4.59152089318415,7.7455953703757885,1
8.52896773814485,5.018777083711061,1
7.574069090816526,-5.280791991528239,1
4.758351650136017,-8.560482997029634,1
-6.049174070719172,-7.04919550323919,1
-3.139249225519446,-8.914076339752638,1
-3.6392553633827447,-9.27929589660486,1
-1.4248193955047608,-9.102788726143448,1
8.56652823256422,-3.6140345573315553,1
-5.864435489293227,7.436699602808805,1
0.989489997376662,9.8248572141658,1
-7.769395684389091,-6.236900858517826,1
-5.681668225137983,7.621488976982516,1
-4.115890715922452,8.664835827342316,1
-9.76514968651546,1.9907685793570522,1
-5.75980941130851,-7.924094661701524,1
-7.862188533826374,4.674633925612998,1
1.7534934895344492,-9.377084162840912,1
-7.56603545213121,-5.025393602723637,1
-2.572299927416262,-9.0808040183428,1
7.957009511466406,4.8531563214519515,1
6.513817417694426,-6.793737081065998,1
2.813157742522719,-8.577499648093614,1
5.502003200865143,-7.138239210809339,1
-0.09440230723148169,-9.79016692323949,1
4.6767580742223664,8.642002695464551,1
7.94861865501419,4.589349480764874,1
-4.023147330934853,-8.477349945111701,1
4.221879776479952,8.774074544544881,1
8.051860656607971,-5.601410583349767,1
-1.450846025047456,9.196608202313804,1
8.818088094623803,-1.8874969348497164,1
-9.21868175794961,-3.211710034906087,1
-4.685253406845648,-7.7220486246447315,1
7.8540916330749155,4.546465335687614,1
-9.744504567598579,-1.561870628577406,1
9.407601671170244,-0.2674012328006512,1
-9.46986816360808,0.896092092522025,1
8.27586355757446,-4.611317083696435,1
4.2574491882137515,9.039036055395627,1
-5.4063466306130366,-7.601101894156223,1
4.939892982796621,8.389124409868117,1
-4.53906330784379,8.186977708678054,1
-1.333787460337291,-8.961615914901618,1
0.4662496170789385,9.825978811380708,1
-5.011154291671829,-8.029336031228407,1
-2.3989340551152427,8.898533104248976,1
6.348424496824741,-6.605116387677875,1
8.699843864656533,4.042904258183285,1
-7.564644068017672,5.573934503546443,1
2.0862551737474178,-8.920334964633868,1
-9.641145877332821,-2.134347512491324,1
-8.768145743393305,-4.515415570866385,1
-8.46312332516897,4.979044631472988,1
-6.311186991458076,-7.3039556358078,1
-8.734357616921546,-2.2370608514438572,1
5.385833823281519,-7.983043712597586,1
5.270281292564746,8.350277844937064,1
-6.6244945220107105,-6.386358232108196,1
-4.399804910266118,-8.286472955552814,1
-9.300720925161777,-0.08472344792629727,1
-5.191512027436421,-8.288443298784276,1
-0.9253936843221329,-8.992934292906236,1
-8.505371982315303,3.6258040319694196,1
-4.798722886885889,7.773847539831923,1
2.9062238954723476,-9.539302737057177,1
5.90057618741999,8.052591808618214,1
1.580328877877328,-9.31768592681478,1
-8.004944851082794,5.681325558592221,1
-9.053107828588221,4.213539214815562,1
8.560272648868043,4.1888617155336085,1
7.6061088759861235,-5.416014037498007,1
-4.43276229263499,-7.889901892698528,1
-5.546717566028082,-7.269796726470696,1
-9.645721798466589,2.0184312200954544,1
8.10922714619041,5.567901788781207,1
1.520707059935276,8.912200009266009,1
0.5132388341127303,9.797550584836813,1
-7.482633831487541,-5.34390639084897,1
0.6141567194733515,9.817245575466202,1
2.7085963637343973,-8.84857445156542,1
8.832260735897226,3.87228058594296,1
9.183331755383126,-3.5044851119641365,1
-6.0146338035903675,-7.727112459430371,1
4.251578349786438,-8.428212106524834,1
-7.297469873245948,6.152694754771783,1
-1.8109951425484123,-8.87614634157726,1
-7.17813728502163,5.902217519657121,1
2.0668161974127734,8.775581343561594,1
-7.971483045890092,-4.323781619076635,1
-0.21354835592295984,-9.99709928216295,1
-9.005403541751893,-0.7497011716625224,1
-9.160113029935665,-2.9332651173764344,1
-9.069309236512131,-3.927206966516543,1
1.658609545096148,9.639407826770814,1
-8.88638015806512,-4.292476587734793,1
1.3622831137890152,9.274549001212932,1
9.657594580493168,-1.0863465607640546,1
-7.7220561802401555,5.9744007808458015,1
9.60489647783194,0.4983980314308738,1
-1.2951046454458126,8.91428173651115,1
-8.215098067867288,-4.574053069709672,1
7.232342949132828,5.398914711904858,1
-8.872588634506583,4.242164594435337,1
-9.433915242939516,1.0959108677143021,1
-9.852156322609943,-1.2876623016813493,1
0.6990743597600115,-9.446617805176245,1
5.708050328081413,-7.895475064453605,1
-4.911368857208702,8.377438875192386,1
2.829089632651673,8.779339339320678,1
-0.6725412408822855,9.773589818750409,1
9.436964999768112,2.176170663473542,1
-3.6935900027289854,8.478446173904867,1
7.650287199176027,-5.409678396650234,1
2.4129074176644707,9.364871047510558,1
-4.601024485552189,8.210206524568406,1
0.6912449184120977,9.05499315066811,1
2.488251838831932,-8.83576848896822,1
0.6962014522227573,9.379785998281648,1
-1.6721490849183525,9.49716136764792,1
7.09295444380226,6.154067017702076,1
-8.741177023618182,-4.63603741316145,1
-7.415222373209723,5.549589723305768,1
-7.972131184851413,-5.993982352289233,1
0.43982774238527256,-9.853253938874737,1
-9.394571302472631,-3.2027605007146036,1
-9.32506917933098,2.4890473419492665,1
1.708422110470032,-8.963932431549512,1
2.374845418129407,8.74005531809485,1
3.904747160695841,-8.804102145266185,1
-8.810178986810477,3.6473791223293155,1
-9.587430935366871,-0.5590491413693961,1
9.290669953878822,2.781917194735474,1
9.00548220541366,-4.240410586002008,1
-8.607210163264273,4.494799548807563,1
-9.667935691915334,-1.8211982474932142,1
-8.575074931955202,4.1383772323111785,1
-0.9669655023255128,-9.789524101137765,1
1.9234387214521327,9.500801099639649,1
9.276895367244656,2.0024663411483665,1
7.872104260664543,5.218497169059923,1
7.415455278189654,5.674130833027355,1
-9.262285887831403,-1.534984988223517,1
-5.925334094759734,-7.538003506385362,1
-0.012855329087219758,-9.374589640486889,1
8.861746840070357,-3.9456721659663465,1
2.9004579666562336,-9.163115728789027,1
7.114011213661254,-5.89812633142756,1
0.7892088509667108,9.354829355761666,1
7.620569561538666,-5.936804275542852,1
-1.7741260771020535,9.115726178704538,1
6.514617513068021,-6.683907579174577,1
6.127968294662402,7.560290047237444,1
4.566171548640753,8.393606003004088,1
-8.129160509084551,-5.221483661054699,1
0.00232026838602728,9.546773270440333,1
8.642392208722011,3.8510006725013604,1
-3.525586711217535,9.064197182824188,1
-9.342858694684478,-2.7003190929231486,1
8.919741999412281,-3.4029675788182416,1
-2.7270272568072134,8.846980690396506,1
-9.057174467904892,2.413956356038492,1
-8.601509827079678,-3.1152817171254856,1
9.764634580135215,2.081501213410979,1
0.5295076592156462,-9.158660147270433,1
5.029914503640317,-7.854683330614749,1
-8.904288745619693,4.203256679372057,1
-9.01611029582483,-1.9385313284589145,1
-8.581279897018513,-3.5595083152854645,1
3.052917197763165,8.740742177671912,1
-7.866618062003696,-5.500405133310682,1
7.973848025813705,-5.898174592651372,1
9.099250629731795,-0.42423247676377684,1
-7.716272912008985,6.348527308383826,1
-7.651421210280871,-5.976205733360915,1
-1.6209797221443107,-9.77054613584718,1
9.883128735145604,0.04947062258747437,1
-7.872726979442451,6.088308737385752,1
-9.148199327656442,-0.9288322411026506,1
7.094373414732342,6.049603715606313,1
-1.5669265919853466,9.83681686260347,1
1.5109188295671139,9.363653026846713,1
7.3630084289347515,5.5309657524180835,1
-8.22360725297139,4.33974648091063,1
-8.773495452905806,2.350689174865785,1
-8.469869996307658,-3.8296406745760905,1
0.6817775558246844,9.65091803120508,1
6.994428063058429,6.478692516897098,1
-1.0504740299722766,8.99786792600483,1
6.1959679239348375,-7.128089643221388,1
8.757975899439128,2.437464240437123,1
-3.0433728086361143,-9.296066376130089,1
-2.942897310741003,9.01939276308918,1
9.097566123520082,3.98639867023806,1
-8.662568603262265,4.483278539630554,1
-8.060464391070333,4.4484029439420425,1
-1.5530956058499896,-9.050720357229451,1
9.003903286775877,2.016545885362607,1
3.518206991559861,8.587985123418619,1
4.475188449285412,8.032173719325602,1
9.438575601991339,-2.042906705274433,1
-9.175893317098094,0.08419406213425873,1
7.375994531535799,6.436527526372416,1
9.727931173651736,1.032272239389652,1
9.919811599072908,-0.8531543074342416,1
6.8882772600256885,6.13467141968432,1
6.65973797025206,7.331592835576771,1
-4.029682844018126,8.310870781384722,1
8.660512820526076,4.853463145683875,1
-9.662605155794115,0.16045540945695969,1
-9.411932505467572,-2.8177727609283405,1
-0.17023530491714922,-9.853896835736547,1
-9.20839709836402,-2.5832363338325166,1
-7.934725869410704,-5.599649492420638,1
8.706810742887722,-3.1394543224423614,1
3.7007077348640927,-9.022955346251518,1
8.891351553471544,-1.9575560724704282,1
8.715949563930792,4.64803648455257,1
4.781981319439762,-8.707778831714801,1
3.0793877585201876,-8.765405387254011,1
-2.425267825319798,-9.485024810944175,1
-6.226717598619224,7.393942378079469,1
4.655299986972011,8.453081164055156,1
-8.952241134519399,-4.033505583094035,1
9.635985170400858,-1.024118837790759,1
-9.181072993038958,-0.7487460055893749,1
1.8855395942085664,9.013579195153266,1
-2.340109163784831,8.941089203459196,1
1.4445150482109703,9.672147109262532,1
2.9365768668151517,-9.093553511386956,1
-8.864758621926558,-3.0585837556810063,1
9.422764203502204,-0.16529491211794145,1
8.522753166000381,-4.024445591571736,1
5.339581440016438,-8.149124406550413,1
-6.333939321333027,-7.260017977437882,1
2.8208542954368596,8.878025263638705,1
3.4426005171259035,-8.624336650597442,1
-9.902244328826399,-1.3253897229444718,1
-9.783966372535726,-1.4938701851434644,1
8.466105853894316,3.580745868764833,1
1.130080756802517,-9.066033568598385,1
4.097266737801416,-8.056520932209793,1
6.037695578053672,-7.3977147013230615,1
-9.523567216751262,2.668598766685667,1
4.412315892801033,8.478423476109679,1
-1.378403960476584,9.589757031085448,1
1.7299371465824258,-9.718223209948277,1
-6.6400018216577195,-7.2733399094698905,1
6.1196430725547195,-6.924204661104666,1
-7.256818801108459,-6.1200176803854385,1
9.363168529100676,1.1109141456884561,1
3.629083812452489,8.9150887739677,1
0.05568228741692849,-9.521206849744136,1
-9.163276391502501,1.3454436379442,1
5.765911881684602,7.763950272517214,1
-5.220945748532898,8.351459075974198,1
7.252469278273537,5.708318930720516,1
8.932676275617531,3.9351548531049367,1
-2.75708321612988,-8.96910581640316,1
-6.34012471393487,6.89850180316413,1
-9.358777650872256,1.5140996532802635,1
-8.541764418502922,3.3944704446839093,1
7.149834228901938,6.722805976015863,1
6.160734860868146,-7.401848662140495,1
9.32031908567636,-1.7828549327928567,1
1.5662740455586608,-9.11622007300498,1
-9.04417758811096,1.8113216197158657,1
-5.065095410487176,7.658221288478366,1
8.081388847331482,-4.754577006120141,1
-8.7760852502851,-2.771964504602696,1
6.717878136992532,7.023866630409373,1
7.986461796635282,-5.622355375247716,1
-9.22854994339437,-2.903746444202678,1
-7.555225149160253,-6.2158443736343365,1
7.33494432630571,5.630058426684794,1
-1.9866171355992037,-9.091482107249007,1
-2.0018981185583655,8.818328185850948,1
-3.6528333799141617,-8.7922878329823,1
4.304006731616376,-8.897023276002002,1
-0.2482050090323753,9.84430323784144,1
3.3198360125303488,-8.898524123589674,1
-9.601093987539636,-1.668056808410416,1
9.569678678288344,1.779738761116958,1
7.434763763907679,-6.037238081407405,1
-0.5519909380210546,9.74194179252337,1
8.050902126180503,-4.172695212406612,1
8.479058110308475,3.80979927222182,1
5.043415130392848,-7.906505317949021,1
3.342637683477143,-8.978486539225585,1
1.9332715776961713,9.638997856029047,1
5.150877558982298,8.057424077197755,1
-9.675911362354022,-2.34989750713466,1
-1.3185350749761984,-9.720912745766956,1
-7.83320840059146,5.956204349600135,1
1.5737375416586232,9.575228215094423,1
-1.8646362338001197,-9.501240703181193,1
-8.327069884876048,-4.147943855200909,1
2.8079769976688915,9.588303364034243,1
8.94538626015023,4.1764672500721005,1
8.205808208664212,-4.808434729981374,1
9.099276327918162,1.0039214269532692,1
9.436943687538466,0.8866501139593872,1
-9.992396575241628,0.09790576887838753,1
-9.694435808397888,-0.5260557720897072,1
7.972483796154673,4.665190690709412,1
-8.484358220659548,3.1240330816132538,1
-6.859173306478569,6.743742203851646,1
3.2781955606172204,9.024761625838817,1
9.279251061822034,3.5985437693396882,1
-2.448513276068738,-9.471945568439509,1
8.291988439917912,-3.734712501253167,1
-1.4401614697221508,8.997514121749376,1
6.58646175191193,6.529687276289138,1
1.6657267486828822,8.993075111392208,1
3.6259511997181875,-8.26632026876606,1
9.889292385909418,-0.7082404296589679,1
9.56592341148928,1.8141169758935192,1
7.319625448886132,-6.323802570413144,1
7.934910062547484,4.536405465069016,1
-3.835379236721817,8.30687937987534,1
-4.476683776606393,-8.68408176627796,1
5.09926391158319,8.338517113579123,1
-0.145978352565713,-9.530881782768992,1
8.333132142768804,-3.750902239807756,1
-9.464157427719748,1.8001914567752877,1
5.731931464420079,-8.035335043565176,1
-9.719429009377452,-0.29617554619084174,1
5.7652964891581,7.520940622102284,1
-5.416609079419667,7.561435946107146,1
0.7374990544646725,-9.874291410720296,1
-4.025812149246537,-8.611188897223581,1
-1.1991014264530406,9.138825330872855,1
9.083266905331381,1.9446030601487259,1
7.335305268872823,5.475730676639412,1
-1.1553928403485063,9.67312665370546,1
-6.071883517012086,7.863208524567266,1
9.312762068539623,-0.738527938611675,1
5.827548373348897,7.749986264174851,1
9.437756696813285,-2.0510756619874773,1
-3.522341855690051,9.318570185462466,1
-5.584560090066864,8.085416856284791,1
-5.615191299959317,-8.202578578142688,1
7.860911175999181,5.525243676219617,1
-6.484808524913243,6.845398008662173,1
5.473680384500568,7.66965298735461,1
8.169566315890709,-4.223306716805785,1
7.6740317964743525,-5.397263247504972,1
-5.845615774623244,8.110617864837987,1
-9.232562074247713,2.302993062162672,1
-9.889798639233446,-0.17717871635782778,1
5.655039182995107,7.27524984254546,1
9.515779122824863,1.385649842795086,1
7.99646048719476,4.862098731278312,1
-0.7518678012580366,-9.241713811609145,1
-9.064132966276734,0.9970271783678104,1
-0.5601198203731279,9.37200553291791,1
5.630799348814339,-7.334580084833,1
-3.9059792634978034,8.328873697557928,1
-9.576217536898026,0.9710313039695695,1
5.106437801353856,7.448199633836758,1
9.033128942192587,1.6600784650742977,1
3.9746544225372595,-8.996856887783192,1
-3.0731276050679774,9.245509957563488,1
8.647648950177402,-3.566388644232241,1
8.346586863997455,3.9554994379517012,1
5.189535577509552,7.844361883224899,1
-2.781988087731076,-9.217310512312155,1
9.475219376186914,1.3036847126712416,1
8.929806793923554,2.8447555398230335,1
7.894801306530141,5.468127116591319,1
8.94406832255794,4.329429837175994,1
8.663737987079337,4.898189306959825,1
8.177359339785031,3.8557791899169125,1
-4.45412204937732,8.831951426889141,1
2.780394091084169,8.81463102390697,1
-6.988073278949724,-6.279112198837058,1
4.38514495721855,8.467424128120367,1
-9.276205444784235,2.8073589498174627,1
8.533635398252287,-4.90565579640989,1
7.244734373500883,-6.0367845006674505,1
6.349730290078838,-7.515138389835314,1
3.7460641016590692,-8.560415425041985,1
-0.6254580194085371,-9.861381036392434,1
-8.995310737455123,-3.0899259601478484,1
2.559938649325815,8.831141958972836,1
-2.0547236345200055,-8.880166454788904,1
-2.7892796309667585,9.146080750832954,1
-7.706888751367897,-4.67643543607765,1
-0.22464163161646766,-9.066596131305072,1
-5.754890507864111,8.063844694392134,1
-5.450438020428084,8.028148768080403,1
6.201668066531475,-6.548296881797421,1
-1.6151140421138308,-9.783811950249929,1
6.896029913008267,-6.047570373087999,1
-9.150398778428647,4.011217151860393,1
-1.9926494951845388,-9.671663675951216,1
-7.7145413221068555,5.5158382242666235,1
-3.553273170033032,8.533018210229464,1
-0.2620028599137072,9.186964103225339,1
1.8012271547063072,9.771796369389463,1
7.14103575096955,-5.972873612313664,1
5.884458642679959,6.914198814233494,1
1.7931616804462003,-9.522391878067985,1
-8.23369627616913,5.486092671674204,1
5.395850803149045,7.763836318311,1
-1.2206397514448817,9.726760617157264,1
9.540034174510957,-2.8457397247005183,1
-7.54488902865733,6.1783039250211935,1
-9.06887198844206,0.23444772009444037,1
4.190952294128913,-8.428057734787926,1
8.06304233142873,4.319557921205302,1
5.141313592522515,7.706304938367271,1
0.4984155717017593,9.73136225558116,1
-1.935976967503077,-9.68118187113252,1
8.99480510022806,3.763002433279306,1
1.6446388595434485,-9.817038978870624,1
3.726213464464429,8.31309052143503,1
-5.101078927901678,-8.54174998330607,1
3.4916347838577337,8.493625428761181,1
6.696625452617919,6.1638279716626485,1
6.814896374177703,6.369289594819556,1
8.989450370520611,-1.4628261903283857,1
-7.527718362346372,5.988319514067786,1
-5.144509782223421,-8.015322097702544,1
-2.3420792327774507,9.550446372174655,1
-3.035613873799022,-9.06636477975784,1
-9.30834143048298,-1.6473134985362918,1
-2.01761653464793,-8.787962387755297,1
-8.602639652946069,2.7585070567740892,1
8.570636089345236,4.185993620530837,1
-2.5999086603777286,9.480591431622585,1
5.379241222186696,7.731291783639243,1
-9.554101432968768,2.6321451345794493,1
5.836328088108676,-7.68618547945834,1
-1.8901073804750297,-9.68867558709956,1
8.609014722449423,-4.902995524015302,1
-6.015659910227386,-7.059315806993827,1
-0.06731848488930758,9.716611104138678,1
-4.177850455959861,-8.8154736877238,1
-4.869559373296333,8.501703037371833,1
6.713966854159356,-7.230975193562042,1
9.82768782308726,-0.6663856312228233,1
-1.4938390514124507,9.374889250721552,1
4.01546146091977,8.431032647214543,1
3.4915943313174225,-8.560453718161707,1
0.4718332849822371,9.859750026473492,1
-9.899280144943605,-0.9622585378668198,1
-9.336228403053028,-2.0042493216134893,1
1.3464061841908261,-9.831436807820982,1
-0.8627474871169483,-9.018683458988825,1
-7.088454946295095,5.876552124773646,1
6.814174476962933,5.97142056157081,1
1.712333171346149,-9.141118854228132,1
-1.9963501003165938,-9.732456614973994,1
-9.204157311905094,-0.8791595066469284,1
7.737677106071629,5.294404752009349,1
-8.85265424492692,-3.2951553841815766,1
-8.403673718347191,3.992839064715227,1
5.321202373096124,-8.185650317395037,1
-5.497638498510767,7.359068874031873,1
3.647205760104878,-8.531631995621762,1
-1.8735517328832678,-9.374817753538835,1
-7.154330500625273,6.265831975060557,1
6.274132816626448,6.567438828314035,1
-6.428050309360845,-7.3581874725063345,1
-7.640272984882194,-5.202897862958886,1
7.623707095838824,-4.889447971765033,1
0.9518094230957068,9.44313313118391,1
-5.247805558124101,7.346267956312548,1
-7.130255382314717,-5.847170780145305,1
7.697199514840236,-5.13392181055305,1
-3.0314531469198407,-9.230257425399415,1
8.448609528289701,5.023694985231003,1
-7.813142632749833,5.571676030599129,1
-3.9374205726424947,8.309035578963755,1
-6.6190685920050605,7.090327502715844,1
7.286395333325267,-6.365141393185526,1
-4.875457980586177,-8.222978811261385,1
9.381466078563463,3.1923669732508877,1
1.0642406106289357,-9.058892133290097,1
1.2353218540441695,-9.169743352486453,1
9.588359970962504,-2.7935515061253096,1
8.917512165459229,4.263625061550318,1
-6.066859664058274,7.48095370096361,1
-6.465236808604063,-7.113213004771052,1
-8.42987013901023,4.186508321869191,1
9.529917692397408,-0.9072619287601391,1
-3.8039301965022556,-8.475923651772263,1
9.5783913733508,0.7037334943543243,1
-9.38172064185979,-2.4706781240422266,1
7.065296859988905,5.656060151036037,1
-2.259926236041826,-9.694547776479542,1
-7.32499245103834,-6.7735612911511405,1
-6.129761392159109,7.63470678529238,1
0.48706086817743177,-9.696793974882208,1
2.8418450867684086,8.700416293055703,1
-8.702431352937063,-4.753424955872931,1
7.809530992002841,4.783065889683552,1
0.9561336649145282,-9.061523917135897,1
8.200174876524741,-4.24306137424696,1
-7.735289016784838,-5.856843725742778,1
7.363125575380625,-5.3054879024824535,1
-8.11695438928675,4.394390787021255,1
4.900945530419911,8.356206663048958,1
5.995610613193495,7.250492703371968,1
-0.27378458856055055,9.84762067988246,1
7.101961675801078,-6.817903043786234,1
-6.49567545834833,-7.5206033556079825,1
1.2986106165182996,9.58216442615064,1
1.504194619207201,8.91289293021936,1
7.333309746245163,-5.714907260287331,1
9.208864644662654,-1.8638041740125644,1
8.982903998346675,3.0029298215810734,1
-8.029232029184074,5.844294433367839,1
-9.384126683875898,-2.8723821298896297,1
-5.306728522962725,7.662842968423703,1
6.216899129738234,-7.724736188142644,1
-0.9300585227803833,-9.448359320098538,1
3.295151799263241,-8.767413250648818,1
-7.329108718103695,-5.267765305597161,1
8.396231867433404,-4.964010198824187,1
4.183791296638066,-8.548376189894633,1
-9.185593286377294,2.5951929452507017,1
9.028894857893608,1.8535955207480903,1
6.453071552660752,6.487882312161869,1
4.463614019412482,-8.268223986497324,1
-9.664195230707698,0.960286516789532,1
-7.229955930621044,-5.681816683914899,1
-3.0721317794593954,8.739291146810874,1
-4.443832706911735,7.90347862064214,1
-6.982401946643133,5.833232264367332,1
8.299110545205338,-3.675774716337054,1
-5.109624721389199,8.026505447357604,1
4.915324407280178,-8.631520930498997,1
-0.3206927690684225,9.462195047030704,1
-2.432535858619749,9.189192299170987,1
-8.845258788962983,-3.992220822858364,1
-0.4332570877549067,9.45431783004431,1
0.5874854338641136,9.48896604922475,1
3.9607073469250125,9.012882876685683,1
-1.032419219645634,-9.06953685897144,1
8.412360474844721,-3.3258303732075625,1
-8.6409985869391,-3.084545921309079,1
-6.11319977043544,7.6631244989434535,1
8.242321543220203,-4.647141707612179,1
-8.939103601657255,-3.9134462433083232,1
8.927794206142863,2.4770290965618216,1
-5.892936784713781,7.801102196251843,1
2.161116560320142,9.594588061649286,1
6.619104026570636,-6.751965321396558,1
-0.5389253142142074,9.940296767998923,1
-5.13135273737417,-8.22691119214086,1
3.5935220685053544,8.555799558449799,1
-9.975440209239643,-0.5123555026107915,1
-9.345361418846082,1.6318911195588957,1
-3.578823187265435,8.508776027018492,1
6.905085035007591,7.218720232354215,1
-7.639088815347957,-6.143784596805919,1
-2.774588148684643,-9.606018394425961,1
0.3592052439879865,9.82967890880402,1
2.4080275554101505,8.822277206556308,1
-7.089152911602309,-6.010213423750114,1
-8.864428533692639,-3.530285888438385,1
2.0563303738970546,-9.094149854979957,1
-8.407511740027953,-4.914072856457589,1
-7.6396892254736315,-5.456259570054159,1
-5.224259051603882,-7.952566467697585,1
-3.858041267894217,8.69570779117825,1
6.1704903191675555,7.430537335451813,1
3.0193773211478003,-8.816882234450201,1
-8.176477070350103,4.62895859712825,1
-6.765334846433918,-7.142891993955216,1
6.835652899161136,-6.424503319201065,1
-8.731855349218671,-3.519460308258129,1
-9.478622671734172,0.7450059146235315,1
-9.259406614044257,2.2852852486870656,1
-5.23186821460428,7.39691023924286,1
-2.398558870211607,-9.315320455074442,1
-1.8982548075996135,-8.955091863190269,1
4.200455522981926,8.242001730559789,1
6.438681902019923,-7.189303170360444,1
9.030459334381138,-3.054173121269109,1
8.588404627514116,-3.9850624209166803,1
-1.553181142379085,9.854053094450002,1
-2.826185891591079,-9.332528501901532,1
9.491792388518835,-1.3139981540610481,1
-9.483242631585854,-2.712439966135829,1
-7.413754237444566,5.522882822329738,1
-2.5950026088179285,-8.890279306616288,1
-1.7204029808977985,9.43642526641463,1
-3.3314107295219895,-8.743645759233754,1
8.634154087671345,4.517152706731604,1
1.9524625738588064,-9.505015426842768,1
4.489610755998001,-8.588873053444283,1
-7.497961224402311,5.43892391254019,1
-1.6939858159771504,-9.236362837026554,1
7.110842001171001,6.854739926664511,1
-1.3328558777761614,-9.783491009707664,1
-9.107421837577828,3.5029184330851955,1
-8.667435879938191,-2.494832933268187,1
9.517148613267022,0.4586412873763166,1
-8.622574560473069,-4.449221842124581,1
4.576826094378827,8.75492312125991,1
8.721423369391776,2.840800698410275,1
8.94739123335771,1.6575874519402696,1
9.325258391503588,2.0374523520166186,1
-5.669722153559057,7.202494952679508,1
-5.933224872179251,-7.6001538938819095,1
-1.5783262149954886,8.962784376708264,1
9.749498700697835,-0.6374546759689323,1
32.959259624645476,11.853325581874884,0
33.850730067875375,12.966961376042544,0
31.436575731978053,14.405710520677111,0
33.38406276125377,12.20561637776704,0
31.510780633720305,12.248852584170447,0
32.774717649703376,10.872533437393052,0
25.501280046733953,13.279276418873131,0
27.140525164582197,13.385459654432537,0
30.778331941680168,13.280732510707384,0
26.655391826896576,13.899436909378775,0
27.426472238961992,13.997679913537063,0
34.59623267911321,15.366213924852048,0
28.61997793269127,14.285905004840721,0
28.658865861061884,13.275916260693986,0
32.644765806702985,13.279245125827583,0
